job_id,inferred,type
3887474156,0,Medical insurance
3887474156,0,Vision insurance
3887474156,0,Dental insurance
3884436043,0,Medical insurance
3884436043,0,Vision insurance
3884436043,0,Dental insurance
3884429642,0,Medical insurance
3884429642,0,Vision insurance
3884429642,0,Dental insurance
3884429642,0,401(k)
3884429642,0,Paid paternity leave
3884429642,0,Paid maternity leave
3884429642,0,Tuition assistance
3884429642,0,Disability insurance
3887498742,1,Medical insurance
3887498742,1,Vision insurance
3887498742,1,Disability insurance
3884435949,1,Medical insurance
3884435949,1,401(k)
3887496480,1,401(k)
3887496480,1,Disability insurance
3887716066,1,Vision insurance
3887717163,1,401(k)
3887717163,1,Dental insurance
3887717163,1,Medical insurance
3887717163,1,Vision insurance
3884437430,0,Medical insurance
3884437430,0,Dental insurance
3884437430,0,401(k)
3884437430,0,Paid paternity leave
3884437430,0,Paid maternity leave
3887715382,0,Vision insurance
3887715382,0,Dental insurance
3887715382,0,401(k)
3887715382,0,Paid paternity leave
3887715382,0,Paid maternity leave
3887715382,0,Medical insurance
3884429809,0,Medical insurance
3884429809,0,Vision insurance
3884429809,0,Dental insurance
3884429809,0,401(k)
3884429809,0,Pension plan
3884429809,0,Paid maternity leave
3884429809,0,Tuition assistance
3884429809,0,Disability insurance
3887705712,1,Commuter benefits
3887705712,1,401(k)
3887719363,1,Tuition assistance
3887706972,0,Medical insurance
3887706972,0,Vision insurance
3887706972,0,Dental insurance
3887706972,0,401(k)
3887706972,0,Paid maternity leave
3887498770,1,Medical insurance
3887498770,1,Vision insurance
3887498770,1,Disability insurance
3887712954,1,401(k)
3884497908,0,Medical insurance
3884497908,0,Vision insurance
3884497908,0,Dental insurance
3884497908,0,401(k)
3884497908,0,Paid maternity leave
3884499585,0,Medical insurance
3884499585,0,Dental insurance
3884499585,0,Vision insurance
3884499585,0,401(k)
3884804203,0,Medical insurance
3884804203,0,Vision insurance
3884804203,0,Dental insurance
3884804203,0,401(k)
3884930756,0,Vision insurance
3884930756,0,Dental insurance
3884930756,0,Medical insurance
3884930756,0,401(k)
3884930756,0,Tuition assistance
3884443809,0,Medical insurance
3884443809,0,Vision insurance
3884443809,0,Dental insurance
3884443809,0,401(k)
3884803257,0,Medical insurance
3884803257,0,Vision insurance
3884803257,0,Dental insurance
3884803257,0,401(k)
3885824808,1,401(k)
3885824808,1,Disability insurance
3884829691,1,401(k)
3884820105,1,401(k)
3884820105,1,Vision insurance
3887488819,0,Medical insurance
3887488819,0,Vision insurance
3887488819,0,Dental insurance
3887488819,0,401(k)
3887885628,1,Vision insurance
3887885628,1,401(k)
3887885628,1,Disability insurance
3885828075,1,401(k)
3885828075,1,Tuition assistance
3888011325,1,Disability insurance
3888011325,1,401(k)
3885831840,1,Disability insurance
3885831840,1,401(k)
3887840464,1,Disability insurance
3887840464,1,401(k)
3887887820,1,401(k)
3885833450,1,401(k)
3885817899,1,401(k)
3885817899,1,Commuter benefits
3884828947,1,401(k)
3884889889,1,401(k)
3884889889,1,Medical insurance
3885103363,1,401(k)
3885106027,1,401(k)
3885105170,1,Dental insurance
3885105170,1,401(k)
3885104244,1,Medical insurance
3885104244,1,401(k)
3884899957,1,Medical insurance
3884899957,1,401(k)
3888006975,1,401(k)
3888011047,1,401(k)
3888028078,0,Medical insurance
3888028078,0,Vision insurance
3888028078,0,Dental insurance
3888028078,0,401(k)
3888028078,1,Disability insurance
3888031487,1,401(k)
3888031487,1,Dental insurance
3888031487,1,Medical insurance
3888031487,1,Vision insurance
3885111291,0,Medical insurance
3885111291,0,Vision insurance
3885111291,0,Dental insurance
3885111291,0,401(k)
3885111291,0,Disability insurance
3885110319,0,Medical insurance
3885110319,0,Vision insurance
3885110319,0,Dental insurance
3885110319,0,401(k)
3885110319,0,Disability insurance
3886218078,1,Medical insurance
3886218078,1,401(k)
3888932749,1,Disability insurance
3888932749,1,401(k)
3888935529,1,401(k)
3888935529,1,Disability insurance
3888937205,1,401(k)
3888937205,1,Disability insurance
3887575136,1,401(k)
3887575136,1,Tuition assistance
3887577045,1,401(k)
3887577045,1,Tuition assistance
3888930904,1,Disability insurance
3888930904,1,401(k)
3888935534,1,401(k)
3888935534,1,Disability insurance
3888936401,1,401(k)
3888936401,1,Disability insurance
3887573304,1,401(k)
3887573304,1,Tuition assistance
3888939611,1,Vision insurance
3888939611,1,401(k)
3888939611,1,Disability insurance
3888940587,1,Vision insurance
3888940587,1,401(k)
3888940587,1,Disability insurance
3888933736,1,401(k)
3888933736,1,Disability insurance
3888947288,1,Disability insurance
3887574641,1,Disability insurance
3888942529,1,401(k)
3887583364,1,Disability insurance
3887583364,1,401(k)
3888964590,1,Disability insurance
3888964590,1,401(k)
3888967438,1,401(k)
3889107869,1,401(k)
3888972089,1,401(k)
3888969839,1,401(k)
3888973346,1,Disability insurance
3888973346,1,401(k)
3889101257,1,Disability insurance
3888962825,1,401(k)
3888967744,1,401(k)
3888975394,1,401(k)
3888963781,1,401(k)
3887574649,1,Medical insurance
3887580716,1,Disability insurance
3887580716,1,401(k)
3888975480,1,Disability insurance
3888975480,1,401(k)
3889107871,1,401(k)
3888970848,1,Disability insurance
3888970848,1,401(k)
3888971164,1,401(k)
3888957465,1,401(k)
3888965379,1,Medical insurance
3888965379,1,Disability insurance
3888965379,1,401(k)
3888967721,1,401(k)
3888970611,1,401(k)
3888958420,1,401(k)
3889147397,1,401(k)
3886455015,1,401(k)
3888982367,1,401(k)
3888964807,1,401(k)
3889152585,1,Medical insurance
3888975646,1,Vision insurance
3887582329,1,Disability insurance
3887582329,1,401(k)
3888971594,1,Disability insurance
3888971594,1,401(k)
3889130270,1,401(k)
3889130270,1,Disability insurance
3888972863,1,Disability insurance
3888972863,1,401(k)
3888967645,1,401(k)
3888969958,1,401(k)
3888971405,1,Disability insurance
3888971405,1,401(k)
3888973653,1,401(k)
3887593059,1,401(k)
3888959378,1,401(k)
3888973756,1,Disability insurance
3888973756,1,401(k)
3888994426,1,Medical insurance
3888994426,1,Disability insurance
3888994426,1,401(k)
3888957464,1,401(k)
3888975075,1,Disability insurance
3888975075,1,401(k)
3888975102,1,401(k)
3888967409,1,401(k)
3889152588,1,Vision insurance
3889116047,1,401(k)
3889192454,1,401(k)
3888978053,1,Disability insurance
3888978053,1,401(k)
3889226231,1,Disability insurance
3889226231,1,401(k)
3889229806,1,401(k)
3889219832,1,401(k)
3889223371,1,Disability insurance
3889223371,1,401(k)
3889232275,1,Disability insurance
3889232275,1,401(k)
3887932493,1,Dental insurance
3887932493,1,401(k)
3889230465,1,Disability insurance
3889230465,1,401(k)
3888964599,1,Disability insurance
3888964599,1,401(k)
3889220839,1,401(k)
3886824991,1,Dental insurance
3886824991,1,401(k)
3886826756,1,Dental insurance
3886826756,1,401(k)
3889232447,1,401(k)
3889232447,1,Pension plan
3886831114,0,Medical insurance
3886831114,0,401(k)
3886831114,0,Vision insurance
3886831114,0,Dental insurance
3886830262,1,Dental insurance
3886830262,1,401(k)
3889292790,1,401(k)
3886832771,1,Dental insurance
3886832771,1,401(k)
3889293796,1,401(k)
3889299139,1,401(k)
3886831858,1,Dental insurance
3886831858,1,401(k)
3886835771,1,Dental insurance
3886835771,1,401(k)
3886835927,1,Dental insurance
3886835927,1,401(k)
3889414755,1,Medical insurance
3889415679,1,401(k)
3889415679,1,Medical insurance
3889412913,1,401(k)
3889411963,1,401(k)
3889413758,1,401(k)
3889413758,1,Medical insurance
3889413786,1,401(k)
3889413786,1,Vision insurance
3889416439,1,Vision insurance
3889416437,1,401(k)
3889411979,1,401(k)
3889413788,1,Vision insurance
3889413788,1,401(k)
3889414767,1,401(k)
3889414758,1,401(k)
3889414758,1,Vision insurance
3889417442,1,Medical insurance
3889417410,1,401(k)
3889416452,1,Medical insurance
3889417438,1,401(k)
3889417412,1,Medical insurance
3889412907,1,Medical insurance
3889412901,1,Medical insurance
3889411989,1,Vision insurance
3889411989,1,401(k)
3889417435,1,Vision insurance
3889417435,1,Disability insurance
3889416426,1,Medical insurance
3889417403,1,401(k)
3889417403,1,Vision insurance
3889417403,1,Disability insurance
3889410981,1,Medical insurance
3889413805,1,Vision insurance
3889417413,1,Medical insurance
3889417415,1,Vision insurance
3889415680,1,Vision insurance
3889412910,1,Medical insurance
3889414756,1,401(k)
3889417436,1,Medical insurance
3889416453,1,Medical insurance
3886845634,0,Medical insurance
3886845634,0,Vision insurance
3886845634,0,Dental insurance
3886845634,0,401(k)
3889416443,1,Vision insurance
3889415670,1,Vision insurance
3889427185,1,401(k)
3889444787,1,Disability insurance
3889445677,1,401(k)
3889442963,1,401(k)
3889450165,1,401(k)
3889444955,1,401(k)
3888414219,1,401(k)
3888414219,1,Vision insurance
3889451782,1,Medical insurance
3889451782,1,Disability insurance
3889451782,1,401(k)
3889445735,1,Medical insurance
3889445735,1,Disability insurance
3889445735,1,401(k)
3888407217,1,401(k)
3889489304,1,Medical insurance
3889489304,1,Pension plan
3889710607,0,Medical insurance
3886880743,1,Commuter benefits
3886880743,1,Disability insurance
3886888623,0,Medical insurance
3886888623,0,Vision insurance
3886888623,0,Dental insurance
3886888623,0,401(k)
3888805244,1,Medical insurance
3888805244,1,401(k)
3889706993,0,Medical insurance
3888826246,0,Medical insurance
3888826246,0,Vision insurance
3888826246,0,Dental insurance
3888826246,0,401(k)
3889711039,1,Medical insurance
3887107137,1,Pension plan
3888825500,0,Medical insurance
3888825500,0,Vision insurance
3888825500,0,Dental insurance
3888825500,0,401(k)
3889756922,1,401(k)
3889756588,1,401(k)
3889756588,1,Dental insurance
3889756588,1,Medical insurance
3889756588,1,Vision insurance
3889707452,0,Medical insurance
3889707452,0,Vision insurance
3889707452,0,Dental insurance
3889707452,0,401(k)
3889716058,1,Medical insurance
3889709723,0,Medical insurance
3889772691,1,401(k)
3889772691,1,Medical insurance
3889771381,0,Medical insurance
3889771381,0,Vision insurance
3889771381,0,Dental insurance
3889771381,0,401(k)
3889771381,0,Paid maternity leave
3889771381,0,Paid paternity leave
3888814699,1,401(k)
3889746164,0,Medical insurance
3889746164,0,401(k)
3889746164,0,Dental insurance
3889746164,0,Vision insurance
3886892068,0,Medical insurance
3886892068,0,Vision insurance
3886892068,0,Dental insurance
3886892068,0,401(k)
3886892068,0,Paid paternity leave
3886892068,0,Paid maternity leave
3888827228,0,Medical insurance
3888827228,0,Vision insurance
3888827228,0,Dental insurance
3888827228,0,401(k)
3888483868,1,401(k)
3887103382,0,Medical insurance
3887103382,0,Vision insurance
3887103382,0,Dental insurance
3887103382,0,401(k)
3888827192,0,Medical insurance
3888827192,0,Vision insurance
3888827192,0,Dental insurance
3888827192,0,401(k)
3888827257,0,Medical insurance
3888827257,0,Vision insurance
3888827257,0,Dental insurance
3888827257,0,401(k)
3889702675,1,Medical insurance
3889702675,1,Dental insurance
3889702675,1,Vision insurance
3886887513,0,Medical insurance
3886887513,0,Vision insurance
3886887513,0,Dental insurance
3886887513,0,401(k)
3889708974,0,Medical insurance
3889703568,1,Vision insurance
3889703568,1,Medical insurance
3888829129,1,401(k)
3888829129,1,Vision insurance
3894848549,1,401(k)
3894847845,1,401(k)
3894850453,1,401(k)
3894848708,1,401(k)
3894874816,0,Medical insurance
3894874816,0,Vision insurance
3894874816,0,Dental insurance
3894874816,0,401(k)
3894847770,1,401(k)
3894846971,1,401(k)
3894847835,1,401(k)
3894850384,1,401(k)
3894849491,1,401(k)
3890891699,0,Medical insurance
3890891699,0,Vision insurance
3890891699,0,Dental insurance
3890891699,0,401(k)
3894847877,1,401(k)
3894217368,1,401(k)
3894219137,0,Medical insurance
3894219137,0,Vision insurance
3894219137,0,Dental insurance
3894219137,0,Paid maternity leave
3894219137,0,Paid paternity leave
3894219137,0,Commuter benefits
3894904489,0,Medical insurance
3894904489,0,Dental insurance
3894904489,0,401(k)
3894915974,0,Medical insurance
3894915974,0,Vision insurance
3894915974,0,Dental insurance
3894915974,0,401(k)
3891011512,0,Medical insurance
3891011512,0,Vision insurance
3891011512,0,Dental insurance
3891011512,0,401(k)
3891011512,0,Commuter benefits
3891011512,0,Paid maternity leave
3891011512,0,Paid paternity leave
3891007860,0,Medical insurance
3891007860,0,Vision insurance
3891007860,0,Dental insurance
3891007860,0,401(k)
3891007860,0,Disability insurance
3894920843,0,Medical insurance
3894920843,0,Vision insurance
3894920843,0,Dental insurance
3894920843,0,401(k)
3894921902,0,Medical insurance
3894921902,0,Vision insurance
3894921902,0,Dental insurance
3894921902,0,401(k)
3891009996,0,Medical insurance
3891009996,0,Vision insurance
3891009996,0,Dental insurance
3891009996,0,401(k)
3894933046,1,401(k)
3894204144,1,401(k)
3894204144,1,Medical insurance
3894204144,1,Vision insurance
3891053047,0,Medical insurance
3891053047,0,Vision insurance
3891053047,0,Dental insurance
3891053047,0,401(k)
3891053047,0,Commuter benefits
3891053047,0,Disability insurance
3891073435,0,Medical insurance
3891073435,0,Vision insurance
3891073435,0,Dental insurance
3891073435,0,401(k)
3891073435,0,Disability insurance
3891071849,1,Medical insurance
3894997780,1,Disability insurance
3894997780,1,401(k)
3894999668,1,Disability insurance
3894999668,1,401(k)
3894999515,1,Disability insurance
3894999515,1,401(k)
3895206555,1,Medical insurance
3891073829,0,Medical insurance
3891073829,0,Vision insurance
3891073829,0,Dental insurance
3891073829,0,401(k)
3891073829,0,Paid maternity leave
3891073829,0,Paid paternity leave
3891073829,0,Commuter benefits
3891073829,0,Tuition assistance
3891073920,0,Medical insurance
3891073920,0,Vision insurance
3891073920,0,Dental insurance
3891073920,0,401(k)
3891077596,1,401(k)
3891077596,1,Disability insurance
3891078258,0,Medical insurance
3891078258,0,Vision insurance
3891078258,0,Dental insurance
3891076729,0,Medical insurance
3891076729,0,Vision insurance
3891076729,0,Dental insurance
3891076729,0,401(k)
3891078292,0,Medical insurance
3891078292,0,Vision insurance
3891078292,0,Dental insurance
3891078292,0,401(k)
3894295248,1,401(k)
3895222638,0,Medical insurance
3895222638,0,Vision insurance
3895222638,0,Dental insurance
3895222638,0,401(k)
3895222638,0,Paid paternity leave
3895222638,0,Paid maternity leave
3895222638,0,Disability insurance
3895222638,0,Child care support
3895232995,1,401(k)
3895216836,1,401(k)
3891083044,1,401(k)
3895271699,1,401(k)
3895271699,1,Disability insurance
3895271697,1,401(k)
3895271697,1,Disability insurance
3894417211,1,401(k)
3894417211,1,Tuition assistance
3894416267,1,401(k)
3894416267,1,Tuition assistance
3895272643,1,401(k)
3895273674,1,401(k)
3895272644,1,401(k)
3895276081,1,Medical insurance
3895276081,1,Dental insurance
3895276081,1,Vision insurance
3895276081,1,Disability insurance
3895276081,1,401(k)
3895276081,1,Paid maternity leave
3891090442,1,401(k)
3891090442,1,Medical insurance
3891246889,1,401(k)
3891251151,1,401(k)
3891249483,1,401(k)
3891249486,1,401(k)
3891251153,1,401(k)
3891248689,1,401(k)
3891251155,1,401(k)
3891245961,1,401(k)
3894543866,1,401(k)
3895499069,1,Disability insurance
3895499069,1,401(k)
3894546626,0,Medical insurance
3894546626,0,Vision insurance
3894546626,0,Dental insurance
3894546626,0,401(k)
3894547218,0,Vision insurance
3894547218,0,Medical insurance
3894547218,0,Dental insurance
3894547218,0,401(k)
3894547218,0,Paid paternity leave
3894547218,0,Paid maternity leave
3894547218,0,Disability insurance
3894549233,0,Medical insurance
3894549233,0,Vision insurance
3894549233,0,Dental insurance
3894549233,0,401(k)
3894549233,1,Commuter benefits
3894546728,0,Medical insurance
3894546728,0,Vision insurance
3894546728,0,Dental insurance
3894546728,0,401(k)
3891255655,0,Medical insurance
3891255655,0,Vision insurance
3891255655,0,Dental insurance
3891255655,0,401(k)
3891255655,0,Paid maternity leave
3891255655,0,Paid paternity leave
3891255655,0,Commuter benefits
3891255655,0,Student loan assistance
3891255655,0,Tuition assistance
3891255655,0,Disability insurance
3891256433,1,401(k)
3895520400,1,Commuter benefits
3894556253,1,401(k)
3894556253,1,Commuter benefits
3894553982,1,Medical insurance
3895527397,1,Medical insurance
3895527397,1,Vision insurance
3895527397,1,Disability insurance
3891264681,1,401(k)
3891264681,1,Vision insurance
3894557315,1,Medical insurance
3894557315,1,Dental insurance
3894557315,1,Vision insurance
3895538082,1,Vision insurance
3895533568,1,Vision insurance
3895538078,1,Vision insurance
3895538087,1,Vision insurance
3891266677,1,401(k)
3891266677,1,Medical insurance
3891266677,1,Dental insurance
3891266677,1,Vision insurance
3894559931,1,401(k)
3894562405,1,Tuition assistance
3895535813,1,Disability insurance
3895535813,1,401(k)
3894562401,1,Tuition assistance
3895538577,1,401(k)
3894561575,1,401(k)
3894561575,1,Tuition assistance
3895538611,1,Medical insurance
3895538611,1,Pension plan
3895535819,1,Disability insurance
3895535819,1,401(k)
3895540287,1,401(k)
3895540287,1,Disability insurance
3894559999,1,401(k)
3894559999,1,Tuition assistance
3895546071,1,Vision insurance
3895546071,1,401(k)
3894558988,1,401(k)
3894558988,1,Tuition assistance
3895541125,1,Medical insurance
3895541125,1,Pension plan
3894560726,1,401(k)
3894560726,1,Tuition assistance
3895543261,1,401(k)
3894560888,1,401(k)
3895546674,1,401(k)
3894564034,1,401(k)
3894564034,1,Vision insurance
3894564075,1,401(k)
3895542885,1,401(k)
3895542885,1,Medical insurance
3895546037,1,401(k)
3894567745,1,Vision insurance
3894573033,1,Disability insurance
3894573033,1,401(k)
3894566010,1,401(k)
3894566010,1,Tuition assistance
3894576627,1,401(k)
3891287946,1,401(k)
3895572221,1,Disability insurance
3895572221,1,401(k)
3895570159,1,401(k)
3895569548,1,401(k)
3891292087,1,Dental insurance
3891292087,1,Disability insurance
3895595256,1,Medical insurance
3895595256,1,Disability insurance
3895595256,1,401(k)
3895581712,1,Disability insurance
3895581712,1,401(k)
3895565421,1,Medical insurance
3895587302,1,Medical insurance
3895587302,1,Disability insurance
3895587302,1,401(k)
3895587299,1,Medical insurance
3895587299,1,Disability insurance
3895587299,1,401(k)
3895565995,1,Disability insurance
3895565995,1,401(k)
3895569189,1,401(k)
3895571283,1,Disability insurance
3895571283,1,401(k)
3895561713,1,Medical insurance
3895561713,1,Disability insurance
3895561713,1,401(k)
3895585191,1,Medical insurance
3895585191,1,Disability insurance
3895585191,1,401(k)
3895801086,1,Medical insurance
3895801086,1,Pension plan
3895566927,1,Disability insurance
3895566927,1,401(k)
3895808015,1,401(k)
3895808015,1,Disability insurance
3895566592,1,Medical insurance
3895566592,1,Disability insurance
3895566592,1,401(k)
3895570609,1,Disability insurance
3895570609,1,401(k)
3895570296,1,Vision insurance
3895570296,1,401(k)
3895584764,1,Medical insurance
3895569334,1,Disability insurance
3895569334,1,401(k)
3895585787,1,Medical insurance
3895585787,1,Disability insurance
3895585787,1,401(k)
3895570263,1,Disability insurance
3895570263,1,401(k)
3895584708,1,Medical insurance
3895584708,1,Disability insurance
3895584708,1,401(k)
3895586314,1,Medical insurance
3895586314,1,Disability insurance
3895586314,1,401(k)
3895586393,1,Medical insurance
3895586393,1,Disability insurance
3895586393,1,401(k)
3891279552,1,401(k)
3894611872,1,Vision insurance
3894611872,1,401(k)
3895579233,1,Disability insurance
3895579233,1,401(k)
3891292418,1,401(k)
3894620739,1,Vision insurance
3894620739,1,Disability insurance
3895567405,1,401(k)
3895804376,1,401(k)
3894571061,1,Disability insurance
3894571061,1,401(k)
3895582699,1,Medical insurance
3895582699,1,Disability insurance
3895582699,1,401(k)
3891298779,0,Medical insurance
3891298779,0,Vision insurance
3891298779,0,Dental insurance
3891298779,0,401(k)
3891298779,0,Tuition assistance
3891806297,1,Vision insurance
3891806297,1,401(k)
3895586251,1,Medical insurance
3895586251,1,Disability insurance
3895586251,1,401(k)
3891807648,1,401(k)
3891806663,1,401(k)
3891830135,1,Dental insurance
3891830135,1,401(k)
3891841261,1,Dental insurance
3891841261,1,401(k)
3895866441,1,Vision insurance
3895867433,1,401(k)
3895865529,1,Vision insurance
3895868217,1,Vision insurance
3895868201,1,Vision insurance
3895865513,1,Vision insurance
3895862977,1,401(k)
3895869137,1,Vision insurance
3895868209,1,Vision insurance
3895866449,1,Vision insurance
3895865537,1,Vision insurance
3895863815,1,401(k)
3895864567,1,Vision insurance
3895869149,1,Vision insurance
3895867437,1,401(k)
3895869133,1,Vision insurance
3895867421,1,Vision insurance
3895868189,1,Vision insurance
3900066239,0,Medical insurance
3900066239,0,Vision insurance
3900066239,0,Dental insurance
3900066239,0,401(k)
3900066239,0,Pension plan
3900066239,0,Child care support
3900066239,0,Paid maternity leave
3900066239,0,Paid paternity leave
3900066239,0,Commuter benefits
3900066239,0,Tuition assistance
3900066239,0,Disability insurance
3900065823,0,Medical insurance
3900065823,0,Vision insurance
3900065823,0,Dental insurance
3900065823,0,401(k)
3900065823,0,Child care support
3900065823,0,Paid maternity leave
3900065823,0,Paid paternity leave
3900065823,0,Commuter benefits
3900065823,0,Disability insurance
3900065823,0,Tuition assistance
3900065823,0,Pension plan
3900068358,0,Medical insurance
3900068358,0,Vision insurance
3900068358,0,Dental insurance
3900068358,0,401(k)
3900068358,0,Child care support
3900068358,0,Paid maternity leave
3900068358,0,Paid paternity leave
3900068358,0,Commuter benefits
3900068358,0,Disability insurance
3900068358,0,Tuition assistance
3900068358,0,Pension plan
3901477340,1,401(k)
3898155767,0,Medical insurance
3898155767,0,Vision insurance
3898155767,0,Dental insurance
3898155767,0,401(k)
3900066752,0,Medical insurance
3900066752,0,Vision insurance
3900066752,0,Dental insurance
3900066752,0,401(k)
3900066752,0,Pension plan
3900066752,0,Child care support
3900066752,0,Paid maternity leave
3900066752,0,Paid paternity leave
3900066752,0,Commuter benefits
3900066752,0,Disability insurance
3900066752,0,Tuition assistance
3898159550,0,Medical insurance
3898159550,0,Vision insurance
3898159550,0,Dental insurance
3898159550,0,401(k)
3898159550,0,Pension plan
3898157640,1,401(k)
3898157640,1,Commuter benefits
3901619602,1,401(k)
3901619602,1,Commuter benefits
3901619602,1,Tuition assistance
3901619602,1,Disability insurance
3901625986,1,401(k)
3900061908,0,Medical insurance
3900061908,0,Vision insurance
3900061908,0,Dental insurance
3900061908,0,401(k)
3900061908,0,Student loan assistance
3900061908,0,Commuter benefits
3901453917,0,Medical insurance
3901453917,0,Vision insurance
3901453917,0,Dental insurance
3901453917,0,401(k)
3901619993,1,Disability insurance
3901619993,1,401(k)
3900074197,0,Medical insurance
3900074197,0,Vision insurance
3900074197,0,Dental insurance
3900074197,0,401(k)
3900074197,0,Child care support
3900074197,0,Paid maternity leave
3900074197,0,Paid paternity leave
3900074197,0,Tuition assistance
3900074197,0,Commuter benefits
3900074197,0,Disability insurance
3900074197,0,Pension plan
3898165142,1,Vision insurance
3900076186,0,Medical insurance
3900076186,0,Pension plan
3900076186,0,Commuter benefits
3900076186,0,Disability insurance
3900076186,0,Vision insurance
3900076186,0,Child care support
3900076186,0,Dental insurance
3900076186,0,Paid maternity leave
3900076186,0,Tuition assistance
3900076186,0,401(k)
3900076186,0,Paid paternity leave
3898161957,0,Medical insurance
3898161957,0,Vision insurance
3898161957,0,Dental insurance
3898161957,0,401(k)
3901623124,1,401(k)
3898169057,1,Vision insurance
3898169057,1,401(k)
3898169057,1,Disability insurance
3900075237,0,Medical insurance
3900075237,0,Vision insurance
3900075237,0,Dental insurance
3900075237,0,401(k)
3900075237,0,Pension plan
3900075237,0,Child care support
3900075237,0,Paid maternity leave
3900075237,0,Paid paternity leave
3900075237,0,Tuition assistance
3900075237,0,Commuter benefits
3900075237,0,Disability insurance
3901629370,0,Medical insurance
3901629370,0,Vision insurance
3901629370,0,Dental insurance
3901629370,0,401(k)
3901629370,0,Disability insurance
3901629370,0,Tuition assistance
3898168095,1,Vision insurance
3898168095,1,401(k)
3898168095,1,Disability insurance
3901658480,0,Medical insurance
3901658480,0,Vision insurance
3901658480,0,Dental insurance
3901658480,0,401(k)
3901658480,0,Paid maternity leave
3901658480,0,Paid paternity leave
3901647685,0,Medical insurance
3901647685,0,Vision insurance
3901647685,0,Dental insurance
3901647685,0,401(k)
3898162882,1,401(k)
3901635976,1,401(k)
3901671651,1,Commuter benefits
3901671651,1,401(k)
3898166112,1,Dental insurance
3898166112,1,Medical insurance
3898166112,1,Vision insurance
3901672136,1,Vision insurance
3901672136,1,401(k)
3901672136,1,Tuition assistance
3901680411,1,Commuter benefits
3901680411,1,401(k)
3898167146,1,401(k)
3898167146,1,Disability insurance
3898160993,1,401(k)
3900084110,1,Medical insurance
3901670559,1,401(k)
3901670559,1,Disability insurance
3898162851,0,Medical insurance
3898162851,0,Vision insurance
3898162851,0,Dental insurance
3898162851,0,401(k)
3898162851,0,Pension plan
3898162851,0,Disability insurance
3898162851,0,Tuition assistance
3898162851,0,Commuter benefits
3898171595,1,Pension plan
3901683969,1,Vision insurance
3901676833,1,Commuter benefits
3901676833,1,401(k)
3901640396,0,Medical insurance
3901640396,0,Vision insurance
3901640396,0,Dental insurance
3901640396,0,401(k)
3901640396,0,Disability insurance
3900070642,0,Medical insurance
3900070642,0,Vision insurance
3900070642,0,Dental insurance
3900070642,0,401(k)
3900070642,0,Child care support
3900070642,0,Paid maternity leave
3900070642,0,Paid paternity leave
3900070642,0,Tuition assistance
3900070642,0,Commuter benefits
3900070642,0,Disability insurance
3900070642,0,Pension plan
3901672583,0,Medical insurance
3901672583,0,Vision insurance
3901672583,0,Dental insurance
3901672583,0,401(k)
3901696526,1,401(k)
3901697586,1,401(k)
3901697586,1,Disability insurance
3901695795,1,401(k)
3901695795,1,Disability insurance
3901699032,1,401(k)
3898173295,1,Medical insurance
3901692834,1,Medical insurance
3901692834,1,Pension plan
3901625344,1,Disability insurance
3901625344,1,401(k)
3898167904,1,401(k)
3901698500,1,401(k)
3901670866,1,401(k)
3901670866,1,Dental insurance
3901670866,1,Disability insurance
3901670866,1,Medical insurance
3901670866,1,Vision insurance
3901617937,1,401(k)
3898175011,1,Vision insurance
3898175011,1,Paid maternity leave
3901669787,1,Medical insurance
3901669787,1,Vision insurance
3901669787,1,Disability insurance
3900099379,1,Disability insurance
3898179028,0,Medical insurance
3898179028,0,Vision insurance
3898179028,0,Dental insurance
3898179028,0,401(k)
3898179028,0,Paid maternity leave
3898179028,0,Paid paternity leave
3898179028,0,Tuition assistance
3898179028,0,Disability insurance
3900095502,1,401(k)
3900095502,1,Tuition assistance
3900096450,1,401(k)
3900096450,1,Tuition assistance
3901698536,1,401(k)
3901698530,1,401(k)
3901698530,1,Disability insurance
3898178088,1,Pension plan
3901697582,1,401(k)
3901697582,1,Disability insurance
3901481818,1,Commuter benefits
3900093767,1,401(k)
3900093767,1,Vision insurance
3898170621,1,401(k)
3901698537,1,401(k)
3898173327,1,Vision insurance
3901800023,1,401(k)
3901800023,1,Disability insurance
3900081349,1,Medical insurance
3901682370,1,Commuter benefits
3901682370,1,401(k)
3901698549,1,Medical insurance
3901696522,1,401(k)
3901696522,1,Disability insurance
3901675847,1,Commuter benefits
3901675847,1,401(k)
3898176212,0,Medical insurance
3898176212,0,Vision insurance
3898176212,0,Dental insurance
3898176212,0,401(k)
3898176212,0,Paid maternity leave
3898176212,0,Paid paternity leave
3898176212,0,Disability insurance
3898167173,1,401(k)
3901670728,0,Medical insurance
3901670728,0,Vision insurance
3901670728,0,Dental insurance
3901670728,0,401(k)
3901693860,1,401(k)
3901693860,1,Disability insurance
3901667775,1,401(k)
3901695781,1,401(k)
3901695781,1,Disability insurance
3901699021,1,401(k)
3901699021,1,Disability insurance
3901800021,1,401(k)
3901800021,1,Disability insurance
3901677509,1,401(k)
3901800016,1,401(k)
3901800016,1,Disability insurance
3898181225,0,Dental insurance
3898181225,0,Vision insurance
3898181225,0,Medical insurance
3898181225,0,401(k)
3898181225,0,Paid maternity leave
3898181225,0,Disability insurance
3898181225,0,Tuition assistance
3898181225,0,Student loan assistance
3898181225,0,Paid paternity leave
3901685816,1,Vision insurance
3901696525,1,401(k)
3901699017,1,401(k)
3901699017,1,Disability insurance
3901693685,1,Medical insurance
3901693685,1,Pension plan
3901693857,1,401(k)
3901694888,1,401(k)
3901694888,1,Disability insurance
3901698323,1,Medical insurance
3901698323,1,Pension plan
3901697385,1,Medical insurance
3901697385,1,Pension plan
3901692773,1,401(k)
3900080552,1,Medical insurance
3901668993,1,Medical insurance
3901668993,1,Vision insurance
3901668993,1,Disability insurance
3900086823,1,Pension plan
3901699046,1,Medical insurance
3901695790,1,401(k)
3901681336,1,Commuter benefits
3901681336,1,401(k)
3901693682,1,Medical insurance
3901693682,1,Pension plan
3901699027,1,401(k)
3901699027,1,Disability insurance
3901618975,1,401(k)
3901679349,1,401(k)
3901693863,1,401(k)
3901693863,1,Disability insurance
3901800024,1,401(k)
3901677734,1,Commuter benefits
3901677734,1,401(k)
3901698367,1,Medical insurance
3901698367,1,Pension plan
3900081480,1,401(k)
3901684668,1,401(k)
3901684668,1,Vision insurance
3901800014,1,401(k)
3901654078,0,Dental insurance
3901654078,0,401(k)
3901654078,0,Vision insurance
3901654078,0,Medical insurance
3901699023,1,401(k)
3901699023,1,Disability insurance
3901668744,1,Medical insurance
3901668744,1,Vision insurance
3901668744,1,Dental insurance
3901668744,1,401(k)
3901668744,1,Tuition assistance
3901668744,1,Disability insurance
3901800018,1,401(k)
3901800018,1,Disability insurance
3898169972,1,401(k)
3898169972,1,Tuition assistance
3901698523,1,401(k)
3901698523,1,Disability insurance
3901695636,1,Disability insurance
3901695636,1,401(k)
3898163464,1,401(k)
3898163464,1,Student loan assistance
3901671509,1,Vision insurance
3901699025,1,401(k)
3901699025,1,Disability insurance
3887147359,1,Vision insurance
3887147359,1,401(k)
3898171461,1,Vision insurance
3898171461,1,Paid maternity leave
3901691874,1,Disability insurance
3901691874,1,401(k)
3901691874,1,Medical insurance
3901691874,1,Pension plan
3901693853,1,401(k)
3901697436,1,Disability insurance
3901697436,1,401(k)
3901696519,1,401(k)
3901696519,1,Disability insurance
3900070981,0,Medical insurance
3900070981,0,Vision insurance
3900070981,0,Dental insurance
3900070981,0,401(k)
3900070981,0,Paid paternity leave
3900070981,0,Paid maternity leave
3900070981,0,Child care support
3900070981,0,Pension plan
3900070981,0,Commuter benefits
3900070981,0,Tuition assistance
3900070981,0,Disability insurance
3901697606,1,Vision insurance
3901677716,1,Commuter benefits
3901677716,1,401(k)
3901697604,1,Medical insurance
3898156804,1,Medical insurance
3898156804,1,Vision insurance
3898156804,1,Disability insurance
3898156804,1,401(k)
3901691799,1,Medical insurance
3901691799,1,Pension plan
3900096453,1,401(k)
3900096453,1,Tuition assistance
3898169706,1,401(k)
3901628271,1,Medical insurance
3901698552,1,Vision insurance
3901699018,1,401(k)
3901699018,1,Disability insurance
3900095346,1,Tuition assistance
3901670557,1,Medical insurance
3901670557,1,Vision insurance
3901670557,1,Dental insurance
3901670557,1,401(k)
3901670557,1,Tuition assistance
3901670557,1,Disability insurance
3901695138,1,401(k)
3898172826,1,Paid paternity leave
3901696408,1,Medical insurance
3901696408,1,Pension plan
3901698524,1,401(k)
3901697608,1,Medical insurance
3898179502,0,Medical insurance
3898179502,0,Vision insurance
3898179502,0,Dental insurance
3898179502,0,401(k)
3898179502,0,Commuter benefits
3898179502,0,Paid maternity leave
3898179502,0,Paid paternity leave
3901694883,1,401(k)
3901671514,1,401(k)
3900096452,1,401(k)
3900096452,1,Tuition assistance
3898178744,1,401(k)
3898178744,1,Medical insurance
3898177281,0,Medical insurance
3898177281,0,Vision insurance
3898177281,0,Dental insurance
3898177281,0,401(k)
3901691822,1,Medical insurance
3901691822,1,Pension plan
3901697446,1,Disability insurance
3901697446,1,401(k)
3901693880,1,401(k)
3901663404,0,Medical insurance
3901663404,0,Vision insurance
3901663404,0,Dental insurance
3901663404,0,401(k)
3901663404,0,Student loan assistance
3901663404,0,Tuition assistance
3901800022,1,401(k)
3901462137,1,Dental insurance
3901694885,1,401(k)
3901699045,1,Vision insurance
3901682364,1,Vision insurance
3901682364,1,401(k)
3901698406,1,Disability insurance
3901698406,1,401(k)
3901691985,1,401(k)
3901691985,1,Vision insurance
3901638432,0,Medical insurance
3901638432,0,Vision insurance
3901638432,0,Dental insurance
3901638432,0,401(k)
3901638432,0,Disability insurance
3901693862,1,401(k)
3901693862,1,Disability insurance
3898168718,1,401(k)
3901695788,1,401(k)
3901693877,1,401(k)
3902903991,1,401(k)
3902903991,1,Vision insurance
3902931435,1,401(k)
3902931435,1,Vision insurance
3899523092,0,Medical insurance
3899523092,0,Vision insurance
3899523092,0,Dental insurance
3899523092,0,401(k)
3899522753,1,401(k)
3899522753,1,Vision insurance
3902935009,1,Medical insurance
3899527459,0,Medical insurance
3899527459,0,Vision insurance
3899527459,0,Dental insurance
3899527459,0,401(k)
3899527459,0,Pension plan
3899527459,0,Paid maternity leave
3899527459,0,Paid paternity leave
3899514692,1,Dental insurance
3901165609,0,Medical insurance
3901165609,0,Vision insurance
3901165609,0,Dental insurance
3901165609,0,401(k)
3899531230,0,Medical insurance
3899531230,0,Vision insurance
3899531230,0,Dental insurance
3899531230,0,401(k)
3899530860,0,Medical insurance
3899530860,0,Vision insurance
3899530860,0,Dental insurance
3899524191,1,Vision insurance
3899524191,1,Disability insurance
3902940470,1,Disability insurance
3902940470,1,401(k)
3902936505,1,Medical insurance
3899523546,1,Medical insurance
3902913611,1,Tuition assistance
3902942346,1,401(k)
3902942346,1,Medical insurance
3902941522,1,401(k)
3902941522,1,Disability insurance
3902918564,1,401(k)
3902939813,1,401(k)
3902939813,1,Disability insurance
3902948201,1,Vision insurance
3902948201,1,401(k)
3902948201,1,Disability insurance
3902947345,1,Vision insurance
3902947345,1,401(k)
3902947345,1,Disability insurance
3902923533,0,Medical insurance
3902923533,0,Vision insurance
3902923533,0,Dental insurance
3902923533,0,401(k)
3902923533,0,Paid maternity leave
3902923533,0,Paid paternity leave
3902923533,0,Disability insurance
3901171040,1,Medical insurance
3901171040,1,Dental insurance
3901171040,1,Vision insurance
3899539595,1,401(k)
3902945530,1,Vision insurance
3902945530,1,401(k)
3902945530,1,Disability insurance
3899528386,0,Medical insurance
3899528386,0,Vision insurance
3899528386,0,Paid maternity leave
3899528386,0,Dental insurance
3899528386,0,401(k)
3899528386,0,Pension plan
3899528386,0,Paid paternity leave
3899528386,0,Tuition assistance
3899528386,0,Disability insurance
3902941530,1,401(k)
3902941530,1,Disability insurance
3902942242,1,401(k)
3899522720,0,Medical insurance
3899522720,0,Vision insurance
3899522720,0,Dental insurance
3899536357,0,Medical insurance
3899536357,0,Vision insurance
3899536357,0,Dental insurance
3899536357,0,401(k)
3899536357,0,Paid maternity leave
3899536357,0,Paid paternity leave
3899536357,0,Tuition assistance
3899536357,0,Disability insurance
3902937955,1,401(k)
3902937955,1,Disability insurance
3901173485,0,Medical insurance
3901173485,0,Vision insurance
3901173485,0,Dental insurance
3901173485,0,401(k)
3902953433,0,Vision insurance
3902953433,0,Dental insurance
3902953433,0,Medical insurance
3902941523,1,401(k)
3902941523,1,Medical insurance
3902939810,1,401(k)
3902936234,1,Medical insurance
3902936234,1,Vision insurance
3902936234,1,Dental insurance
3902936234,1,401(k)
3902946380,1,Vision insurance
3902946380,1,401(k)
3902946380,1,Disability insurance
3899543100,0,Medical insurance
3899543100,0,Vision insurance
3899543100,0,Dental insurance
3899543100,0,401(k)
3899543100,0,Paid maternity leave
3899543100,0,Paid paternity leave
3899543100,0,Disability insurance
3899543100,0,Tuition assistance
3902948069,1,401(k)
3902948069,1,Tuition assistance
3902938108,1,401(k)
3902948215,1,Vision insurance
3902948215,1,401(k)
3902948215,1,Disability insurance
3901176510,0,Medical insurance
3901176510,0,Vision insurance
3901176510,0,Dental insurance
3901176510,0,401(k)
3901176510,0,Paid maternity leave
3901176510,0,Paid paternity leave
3901176510,0,Tuition assistance
3901176510,0,Disability insurance
3899544434,0,Medical insurance
3899544434,0,Vision insurance
3899544434,0,Dental insurance
3899544434,0,401(k)
3899544434,0,Paid maternity leave
3899544434,0,Paid paternity leave
3899544434,0,Tuition assistance
3899544434,0,Disability insurance
3902924721,1,Commuter benefits
3902924721,1,401(k)
3902947337,1,Vision insurance
3902947337,1,401(k)
3902947337,1,Disability insurance
3902937058,1,401(k)
3902942426,0,Medical insurance
3902942426,0,Vision insurance
3902942426,0,Dental insurance
3902942426,0,401(k)
3902944541,1,Vision insurance
3902944541,1,401(k)
3902944541,1,Disability insurance
3899535187,0,Medical insurance
3899535187,0,Vision insurance
3899535187,0,Dental insurance
3899535187,0,401(k)
3899535187,0,Commuter benefits
3899535187,0,Disability insurance
3902938790,1,401(k)
3899537145,1,Vision insurance
3899537145,1,Disability insurance
3902937962,1,401(k)
3902937962,1,Disability insurance
3899534796,1,Medical insurance
3899532129,1,401(k)
3899532129,1,Medical insurance
3899532129,1,Dental insurance
3899532129,1,Vision insurance
3902940526,1,Medical insurance
3902940526,1,Pension plan
3902939819,1,401(k)
3902939819,1,Medical insurance
3899931515,1,401(k)
3900938805,1,401(k)
3900942520,1,401(k)
3900938617,1,401(k)
3902736113,1,Tuition assistance
3888302166,1,Vision insurance
3888302166,1,401(k)
3888302166,1,Disability insurance
3900951328,0,Medical insurance
3900951328,0,Vision insurance
3900951328,0,Dental insurance
3900951328,0,401(k)
3904359786,1,Vision insurance
3904359786,1,401(k)
3904359786,1,Disability insurance
3904360891,0,Medical insurance
3904360891,0,Vision insurance
3904360891,0,Dental insurance
3904360891,0,401(k)
3904360891,0,Commuter benefits
3904360891,0,Disability insurance
3904369019,0,401(k)
3900951030,1,Medical insurance
3900951648,0,Medical insurance
3900951648,0,Vision insurance
3900951648,0,Dental insurance
3900951648,0,401(k)
3904362514,1,Medical insurance
3904362514,1,401(k)
3904363516,1,Medical insurance
3904363516,1,401(k)
3904361620,1,Medical insurance
3904361620,1,401(k)
3902744626,1,Disability insurance
3902744626,1,401(k)
3904366035,1,401(k)
3900975579,0,Student loan assistance
3900975579,0,Disability insurance
3900975579,0,Medical insurance
3900975579,0,Vision insurance
3900975579,0,Dental insurance
3900975579,0,401(k)
3900979139,0,401(k)
3900979139,0,Dental insurance
3900979139,0,Medical insurance
3900979139,0,Vision insurance
3900979139,0,Disability insurance
3900979139,0,Student loan assistance
3902747115,1,Disability insurance
3902747115,1,401(k)
3904386519,1,Medical insurance
3904386519,1,Pension plan
3902744627,1,Disability insurance
3902744627,1,401(k)
3900978234,0,Student loan assistance
3900978234,0,Disability insurance
3900978234,0,Medical insurance
3900978234,0,Vision insurance
3900978234,0,Dental insurance
3900978234,0,401(k)
3904407161,1,401(k)
3904407161,1,Student loan assistance
3904397805,1,401(k)
3904359992,1,401(k)
3904362678,1,401(k)
3904400947,1,401(k)
3904400947,1,Student loan assistance
3902755790,0,Medical insurance
3902755790,0,Vision insurance
3902755790,0,Dental insurance
3902755790,0,401(k)
3902755790,0,Disability insurance
3902746649,1,401(k)
3900977241,0,401(k)
3900977241,0,Dental insurance
3900977241,0,Medical insurance
3900977241,0,Vision insurance
3900977241,0,Disability insurance
3900977241,0,Student loan assistance
3902786149,1,401(k)
3902786149,1,Dental insurance
3902786149,1,Medical insurance
3900979652,1,401(k)
3900964494,0,Medical insurance
3900964494,0,Vision insurance
3900964494,0,Dental insurance
3900964494,0,Pension plan
3900964494,0,Paid maternity leave
3900964494,0,Paid paternity leave
3900964494,0,Commuter benefits
3900964494,0,Disability insurance
3900964494,0,401(k)
3904388833,1,401(k)
3904388833,1,Vision insurance
3902755251,1,401(k)
3900978353,1,Dental insurance
3900978353,1,401(k)
3904368751,1,Vision insurance
3904368751,1,401(k)
3902735215,0,Medical insurance
3902735215,0,Vision insurance
3902735215,0,Dental insurance
3902735215,0,401(k)
3904391088,1,401(k)
3845186343,1,401(k)
3845186343,1,Medical insurance
3900977725,1,401(k)
3870701883,0,401(k)
3870701883,0,Medical insurance
3870701883,0,Vision insurance
3870701883,0,Dental insurance
3900981490,1,401(k)
3900981488,1,401(k)
3902736493,1,401(k)
3904432220,1,Vision insurance
3902797498,1,401(k)
3902797498,1,Pension plan
3904413809,1,Medical insurance
3904413809,1,Commuter benefits
3904413809,1,401(k)
3900980271,0,Medical insurance
3900980271,0,Vision insurance
3900980271,0,Dental insurance
3900980271,0,401(k)
3900980271,0,Disability insurance
3904425782,1,Vision insurance
3900975574,0,401(k)
3900975574,0,Dental insurance
3900975574,0,Vision insurance
3900975574,0,Medical insurance
3900975574,0,Student loan assistance
3900975574,0,Disability insurance
3900978734,1,401(k)
3902741560,1,Tuition assistance
3903000123,1,401(k)
3903000123,1,Pension plan
3904409097,1,401(k)
3902743718,1,Disability insurance
3902743718,1,401(k)
3904418851,1,Tuition assistance
3904425904,1,Medical insurance
3904425904,1,Vision insurance
3904425904,1,Dental insurance
3904425904,1,401(k)
3902788374,1,401(k)
3904432217,1,Vision insurance
3900981489,1,401(k)
3900962459,1,Dental insurance
3900962459,1,401(k)
3902746636,1,Disability insurance
3902746636,1,401(k)
3904429510,1,Vision insurance
3900979253,0,Medical insurance
3900979253,0,Vision insurance
3900979253,0,Dental insurance
3900979253,0,401(k)
3900979253,0,Paid maternity leave
3900979253,0,Paid paternity leave
3900979253,0,Student loan assistance
3900979253,0,Disability insurance
3900979253,0,Tuition assistance
3904425906,1,Vision insurance
3904430519,1,Medical insurance
3904430519,1,Vision insurance
3904430519,1,Dental insurance
3904430519,1,401(k)
3902745419,1,Disability insurance
3902745419,1,401(k)
3902791061,1,401(k)
3902791061,1,Commuter benefits
3902781819,1,401(k)
3902750694,1,401(k)
3902750694,1,Paid maternity leave
3904424978,1,Vision insurance
3902785828,1,401(k)
3902785828,1,Commuter benefits
3900976926,1,401(k)
3902746419,1,Disability insurance
3902746419,1,401(k)
3904429514,1,Vision insurance
3904422468,1,Vision insurance
3904422468,1,401(k)
3904422468,1,Disability insurance
3900977726,1,401(k)
3900982454,1,401(k)
3900977896,1,401(k)
3900977896,1,Vision insurance
3904354745,0,Medical insurance
3904354745,0,Vision insurance
3904354745,0,Dental insurance
3904354745,0,401(k)
3904354745,0,Disability insurance
3904354745,1,Commuter benefits
3904421548,1,Commuter benefits
3900978217,0,401(k)
3900978217,0,Dental insurance
3900978217,0,Vision insurance
3900978217,0,Medical insurance
3900978217,0,Student loan assistance
3900978217,0,Disability insurance
3904406144,1,401(k)
3904413813,1,Medical insurance
3904413813,1,Commuter benefits
3904413813,1,401(k)
3904425790,1,Vision insurance
3904414228,1,401(k)
3904414228,1,Medical insurance
3904409307,1,401(k)
3902755839,0,Medical insurance
3902755839,0,Vision insurance
3902755839,0,Dental insurance
3902755839,0,401(k)
3902755839,0,Disability insurance
3904395109,1,401(k)
3902792065,1,401(k)
3902792065,1,Commuter benefits
3902757348,1,401(k)
3904388065,1,Medical insurance
3904388065,1,Pension plan
3900975990,1,401(k)
3904410998,0,Medical insurance
3904410998,0,Vision insurance
3904410998,0,Dental insurance
3904410998,0,401(k)
3904410998,0,Paid maternity leave
3904410998,0,Paid paternity leave
3904410998,0,Commuter benefits
3904410998,0,Student loan assistance
3904410998,0,Tuition assistance
3904410998,0,Disability insurance
3904430415,1,Vision insurance
3904920347,1,401(k)
3901344603,1,401(k)
3901344603,1,Dental insurance
3901344603,1,Disability insurance
3901344603,1,Medical insurance
3901344603,1,Vision insurance
3901342649,0,Medical insurance
3901342649,0,Vision insurance
3901342649,0,Dental insurance
3901342649,0,401(k)
3901342649,0,Student loan assistance
3901342649,0,Tuition assistance
3904926052,1,Vision insurance
3903423957,1,Medical insurance
3903423957,1,401(k)
3904916812,1,Disability insurance
3904916812,1,401(k)
3901342615,0,Medical insurance
3901342615,0,401(k)
3901342615,0,Dental insurance
3901342615,0,Tuition assistance
3901342615,0,Pension plan
3901342615,0,Student loan assistance
3901342615,0,Disability insurance
3901342615,0,Paid maternity leave
3901342615,0,Vision insurance
3901342615,0,Paid paternity leave
3901342615,0,Child care support
3901345535,1,Medical insurance
3903426614,1,401(k)
3901346440,1,401(k)
3901346440,1,Dental insurance
3904921718,1,401(k)
3904928180,1,Medical insurance
3904928180,1,Vision insurance
3904928180,1,Dental insurance
3904928180,1,401(k)
3904926536,1,401(k)
3904920328,1,401(k)
3903432100,1,Medical insurance
3903425971,1,401(k)
3904931244,1,Vision insurance
3901347545,1,401(k)
3901347545,1,Vision insurance
3901351048,1,Pension plan
3903431207,1,Medical insurance
3904929148,0,Medical insurance
3904929148,0,Vision insurance
3904929148,0,Dental insurance
3904929148,0,401(k)
3903430424,1,Medical insurance
3901350114,0,Medical insurance
3901350114,0,Vision insurance
3901350114,0,Dental insurance
3901350114,0,401(k)
3901350114,0,Tuition assistance
3901350114,0,Disability insurance
3901350114,0,Commuter benefits
3903432097,1,Medical insurance
3901349114,1,401(k)
3901349114,1,Dental insurance
3903429492,1,Medical insurance
3901340909,1,401(k)
3904936167,0,Medical insurance
3904936167,0,Vision insurance
3904936167,0,Dental insurance
3904936167,0,401(k)
3904936167,0,Paid maternity leave
3904936167,0,Paid paternity leave
3903429504,1,Medical insurance
3904930154,1,Medical insurance
3904930154,1,Vision insurance
3904930154,1,Disability insurance
3901340938,1,Disability insurance
3901340938,1,401(k)
3901351374,0,Medical insurance
3901351374,0,Vision insurance
3901351374,0,Dental insurance
3901351374,0,401(k)
3903430422,1,Medical insurance
3901354555,1,Vision insurance
3903428643,1,Medical insurance
3903429487,1,Medical insurance
3901349250,1,401(k)
3904931932,0,Medical insurance
3904931932,0,Vision insurance
3904931932,0,Dental insurance
3904931932,0,401(k)
3904931932,0,Child care support
3904955148,0,Medical insurance
3904955148,0,Vision insurance
3904955148,0,Dental insurance
3904955148,0,Disability insurance
3901360489,1,Medical insurance
3901351935,0,401(k)
3901351935,0,Medical insurance
3901351935,0,Vision insurance
3901351935,0,Dental insurance
3901362490,1,401(k)
3903444838,1,Tuition assistance
3903456173,1,401(k)
3904945231,1,Medical insurance
3904945231,1,Dental insurance
3904946732,1,Vision insurance
3904946732,1,401(k)
3904946732,1,Disability insurance
3904964876,1,401(k)
3904958366,1,Medical insurance
3901350931,0,Medical insurance
3901350931,0,Vision insurance
3901350931,0,Dental insurance
3901350931,0,401(k)
3901350931,0,Tuition assistance
3901350931,0,Child care support
3904969204,1,401(k)
3901358496,1,Medical insurance
3901371446,0,Medical insurance
3901371446,0,Vision insurance
3901371446,0,Dental insurance
3901371446,0,Paid paternity leave
3901371446,0,Paid maternity leave
3901371446,0,401(k)
3904946007,1,Medical insurance
3904946007,1,Dental insurance
3904965867,1,401(k)
3904938527,1,401(k)
3904931806,0,Medical insurance
3904931806,0,Vision insurance
3904931806,0,Dental insurance
3904931806,0,Tuition assistance
3904931806,0,Disability insurance
3904942116,1,401(k)
3904974223,1,401(k)
3904975128,1,Disability insurance
3904975128,1,401(k)
3904975061,1,401(k)
3904969207,1,401(k)
3901362995,1,401(k)
3901362995,1,Vision insurance
3904968235,1,401(k)
3904956897,1,401(k)
3904956897,1,Dental insurance
3901355797,1,401(k)
3901355797,1,Dental insurance
3901355797,1,Medical insurance
3901355797,1,Vision insurance
3904970202,1,401(k)
3904960213,1,401(k)
3904960213,1,Disability insurance
3904967051,1,401(k)
3904967051,1,Vision insurance
3903425829,1,Medical insurance
3901360615,1,401(k)
3901358659,1,401(k)
3904966390,1,Medical insurance
3904966390,1,Disability insurance
3904966390,1,401(k)
3901349156,0,Medical insurance
3901349156,0,Vision insurance
3901349156,0,Dental insurance
3901349156,0,401(k)
3901349156,0,Disability insurance
3901349156,0,Commuter benefits
3904955352,1,401(k)
3904971485,1,Disability insurance
3904971485,1,401(k)
3903467256,1,401(k)
3903467256,1,Paid maternity leave
3904965881,1,401(k)
3904983008,1,Medical insurance
3904983008,1,Disability insurance
3904983008,1,401(k)
3904990507,1,Medical insurance
3904990507,1,Pension plan
3904995701,1,Dental insurance
3904995701,1,Vision insurance
3904970203,1,401(k)
3904930707,0,Medical insurance
3904930707,0,Vision insurance
3904930707,0,Dental insurance
3904930707,0,Tuition assistance
3904930707,0,Disability insurance
3904996562,1,Dental insurance
3904996562,1,Vision insurance
3904968233,1,401(k)
3903444395,1,401(k)
3903444395,1,Tuition assistance
3904966085,1,401(k)
3904966907,1,Disability insurance
3904966907,1,401(k)
3904964674,1,401(k)
3904971158,1,401(k)
3904970204,1,401(k)
3904971168,1,401(k)
3904940237,1,Medical insurance
3901358658,1,401(k)
3901376470,0,Medical insurance
3901376470,0,Vision insurance
3901376470,0,Dental insurance
3901376470,0,401(k)
3904969069,0,Medical insurance
3904969069,0,Vision insurance
3904969069,0,Dental insurance
3904969069,0,401(k)
3904967042,1,401(k)
3904967042,1,Dental insurance
3904967042,1,Medical insurance
3904967042,1,Vision insurance
3904997482,1,Dental insurance
3904997482,1,Vision insurance
3904970210,1,401(k)
3904969208,1,401(k)
3901353986,0,Medical insurance
3901353986,0,Vision insurance
3901353986,0,Dental insurance
3901353986,1,Tuition assistance
3903469922,1,Vision insurance
3903469922,1,401(k)
3904966590,1,401(k)
3903452382,1,Vision insurance
3903468953,1,Vision insurance
3903468953,1,401(k)
3904983540,1,Medical insurance
3904983540,1,Disability insurance
3904983540,1,401(k)
3904996759,0,Medical insurance
3904996759,0,Vision insurance
3904996759,0,Dental insurance
3904996759,0,401(k)
3901379417,0,Medical insurance
3901379417,0,Vision insurance
3901379417,0,Dental insurance
3901379417,0,401(k)
3901379417,0,Paid maternity leave
3901379417,0,Paid paternity leave
3901379417,0,Tuition assistance
3901379417,0,Disability insurance
3904967050,1,401(k)
3903474357,1,Vision insurance
3903474357,1,401(k)
3904970394,1,401(k)
3903444840,1,401(k)
3903444840,1,Tuition assistance
3904960207,0,401(k)
3904960207,0,Dental insurance
3904960207,0,Vision insurance
3904960207,0,Medical insurance
3903468959,1,Vision insurance
3903468959,1,401(k)
3903446788,1,401(k)
3903446788,1,Tuition assistance
3904948908,1,401(k)
3904988864,1,Disability insurance
3904988864,1,Tuition assistance
3901373954,0,Medical insurance
3901373954,0,Vision insurance
3901373954,0,Dental insurance
3901373954,0,401(k)
3901373954,0,Paid maternity leave
3901373954,0,Tuition assistance
3901373954,0,Disability insurance
3904962648,1,401(k)
3903462811,1,401(k)
3903462811,1,Paid maternity leave
3903468951,1,Vision insurance
3903468951,1,401(k)
3903469911,1,Vision insurance
3903469911,1,401(k)
3904970593,1,Disability insurance
3904970593,1,401(k)
3904960371,0,401(k)
3904960371,0,Dental insurance
3904960371,0,Vision insurance
3904960371,0,Medical insurance
3904964418,1,Medical insurance
3904964418,1,Vision insurance
3904964418,1,Dental insurance
3903456669,0,Medical insurance
3903456669,0,Vision insurance
3903456669,0,Dental insurance
3903456669,0,401(k)
3903456669,0,Disability insurance
3903456669,0,Paid paternity leave
3903456669,0,Paid maternity leave
3904961107,1,Disability insurance
3904961107,1,401(k)
3904991689,0,Medical insurance
3904991689,0,Vision insurance
3904991689,0,Dental insurance
3904991689,0,401(k)
3904992461,0,Medical insurance
3904992461,0,Vision insurance
3904992461,0,Dental insurance
3904992461,0,401(k)
3904972039,1,401(k)
3904972039,1,Paid maternity leave
3904947609,1,Vision insurance
3904947609,1,401(k)
3904947609,1,Disability insurance
3904988691,1,Medical insurance
3904988691,1,Pension plan
3904962136,0,Medical insurance
3904962136,0,Vision insurance
3904962136,0,Dental insurance
3904962136,0,401(k)
3904962136,0,Paid maternity leave
3904962136,0,Disability insurance
3901344827,1,401(k)
3901344827,1,Vision insurance
3904945772,1,Vision insurance
3904945772,1,401(k)
3904945772,1,Disability insurance
3905213436,1,Medical insurance
3905213436,1,Dental insurance
3905213436,1,401(k)
3901376440,1,Medical insurance
3901378701,1,Commuter benefits
3901378701,1,Disability insurance
3904965988,1,401(k)
3904965988,1,Dental insurance
3904991464,1,Medical insurance
3904991464,1,Pension plan
3903460974,1,401(k)
3903460974,1,Paid maternity leave
3903451109,1,401(k)
3903451109,1,Tuition assistance
3904965996,1,401(k)
3904951786,1,401(k)
3904964878,1,401(k)
3903468954,1,Vision insurance
3903468954,1,401(k)
3903428635,1,Medical insurance
3903457361,1,401(k)
3901366264,1,401(k)
3901366264,1,Vision insurance
3904955321,1,Vision insurance
3904955321,1,401(k)
3904955321,1,Commuter benefits
3904988733,1,Medical insurance
3904988733,1,Disability insurance
3901389245,0,Medical insurance
3901389245,0,Vision insurance
3901389245,0,Dental insurance
3901389245,0,401(k)
3903462780,1,401(k)
3903462780,1,Paid maternity leave
3904970574,1,Disability insurance
3904970574,1,401(k)
3904990606,1,Disability insurance
3904967834,1,Disability insurance
3904967834,1,401(k)
3904978444,1,Medical insurance
3904983102,1,Medical insurance
3904983102,1,Disability insurance
3904983102,1,401(k)
3905208620,1,Vision insurance
3905208620,1,401(k)
3904967781,1,Disability insurance
3904967781,1,401(k)
3904973251,1,Disability insurance
3904973251,1,401(k)
3904969209,1,401(k)
3904959709,1,401(k)
3904959709,1,Medical insurance
3904959709,1,Commuter benefits
3905215006,1,Medical insurance
3905202012,1,Dental insurance
3905202012,1,Vision insurance
3903447826,1,Vision insurance
3905215543,1,401(k)
3904994137,1,Medical insurance
3904994137,1,Pension plan
3901365853,1,Vision insurance
3901365853,1,401(k)
3904966588,1,401(k)
3904995694,1,Dental insurance
3904995694,1,Vision insurance
3904998436,1,Dental insurance
3904998436,1,Vision insurance
3904960737,1,401(k)
3904960737,1,Vision insurance
3904939660,1,401(k)
3904939660,1,Disability insurance
3904979445,1,Medical insurance
3904979445,1,Disability insurance
3904979445,1,401(k)
3904961384,1,Medical insurance
3904967724,0,Medical insurance
3904967724,0,Vision insurance
3904967724,0,Dental insurance
3904967724,0,401(k)
3904967724,0,Paid maternity leave
3904967724,0,Paid paternity leave
3904989635,1,Medical insurance
3904989635,1,Pension plan
3904967603,1,401(k)
3901361531,1,401(k)
3904967502,1,401(k)
3904955858,1,401(k)
3905220460,1,Vision insurance
3904964875,1,401(k)
3903448405,1,401(k)
3904938467,1,Medical insurance
3905223252,1,Vision insurance
3904974250,1,Disability insurance
3904974250,1,401(k)
3903466958,1,Disability insurance
3904931898,1,401(k)
3904931898,1,Dental insurance
3904931898,1,Medical insurance
3904931898,1,Vision insurance
3904964882,1,401(k)
3904961704,1,Pension plan
3904961704,1,Tuition assistance
3905212097,1,Medical insurance
3904970520,1,Disability insurance
3904970520,1,401(k)
3905214792,1,Vision insurance
3904979483,1,Medical insurance
3904979483,1,Disability insurance
3904979483,1,401(k)
3904966594,1,401(k)
3903468960,1,401(k)
3903468960,1,Vision insurance
3903468955,1,401(k)
3903468955,1,Vision insurance
3904994235,1,Disability insurance
3904994235,1,Tuition assistance
3905228075,1,401(k)
3905220794,1,401(k)
3901395046,1,401(k)
3901395064,1,Pension plan
3904986422,1,Disability insurance
3903475251,1,401(k)
3903475251,1,Vision insurance
3903482230,1,Disability insurance
3903482230,1,401(k)
3905212323,0,Medical insurance
3905212323,0,Vision insurance
3905212323,0,Dental insurance
3901395171,1,401(k)
3901395171,1,Commuter benefits
3903476891,1,401(k)
3901394431,1,Medical insurance
3905234926,1,Disability insurance
3905234926,1,401(k)
3905234926,1,Medical insurance
3905234926,1,Vision insurance
3788980998,0,Medical insurance
3788980998,0,Vision insurance
3788980998,0,Dental insurance
3788980998,0,401(k)
3788980998,0,Tuition assistance
3788980998,0,Disability insurance
3901375836,1,Vision insurance
3901375836,1,401(k)
3901375836,1,Disability insurance
3905234158,1,Vision insurance
3905234158,1,401(k)
3905223507,1,Vision insurance
3904962666,1,Student loan assistance
3904984674,1,Disability insurance
3904984674,1,Tuition assistance
3901378440,1,Medical insurance
3901378440,1,Pension plan
3901393445,1,Vision insurance
3901393445,1,401(k)
3905232848,0,Medical insurance
3905232848,0,Vision insurance
3905232848,0,Dental insurance
3905232848,0,401(k)
3904998506,1,Dental insurance
3904998506,1,Vision insurance
3904965879,1,401(k)
3905237661,0,Medical insurance
3905237661,0,Vision insurance
3905237661,0,Dental insurance
3905237661,0,401(k)
3905237661,0,Paid maternity leave
3905237661,0,Disability insurance
3903481923,1,401(k)
3903471780,1,401(k)
3904971580,1,Disability insurance
3904971580,1,401(k)
3904961695,1,Dental insurance
3901395025,0,Medical insurance
3901395025,0,Vision insurance
3901395025,0,Dental insurance
3901395025,0,401(k)
3901395025,0,Tuition assistance
3901395025,0,Disability insurance
3901367271,1,401(k)
3901367271,1,Vision insurance
3901374495,0,Medical insurance
3901374495,0,Vision insurance
3901374495,0,Dental insurance
3901374495,0,401(k)
3905243000,0,Medical insurance
3905243000,0,Vision insurance
3905243000,0,Dental insurance
3905243000,0,401(k)
3905243000,0,Disability insurance
3904971164,1,401(k)
3905241068,1,Disability insurance
3905241068,1,401(k)
3905241068,1,Medical insurance
3905241068,1,Vision insurance
3904989663,1,Medical insurance
3904989663,1,Pension plan
3905200238,1,Dental insurance
3905200238,1,Vision insurance
3903478875,1,Disability insurance
3903478875,1,401(k)
3904981980,1,Disability insurance
3904981980,1,Tuition assistance
3904997496,1,Dental insurance
3904997496,1,Vision insurance
3901388698,0,Medical insurance
3901388698,0,Vision insurance
3901388698,0,Dental insurance
3901388698,0,401(k)
3901388698,0,Disability insurance
3904993159,1,Medical insurance
3904993159,1,Pension plan
3904938734,1,401(k)
3901354206,0,Medical insurance
3901354206,0,Vision insurance
3901354206,0,Dental insurance
3901354206,0,401(k)
3901354206,0,Tuition assistance
3901392785,0,Medical insurance
3901392785,0,Dental insurance
3901392785,0,401(k)
3905239333,0,Medical insurance
3905239333,0,Vision insurance
3905239333,0,Dental insurance
3905239333,0,401(k)
3905239333,0,Disability insurance
3904970208,1,401(k)
3904967019,1,401(k)
3904967019,1,Disability insurance
3903480592,1,Disability insurance
3903480592,1,401(k)
3901395820,1,401(k)
3901396284,1,401(k)
3901395817,1,401(k)
3905216508,0,Medical insurance
3905216508,0,Vision insurance
3905216508,0,Dental insurance
3905216508,0,401(k)
3901396280,1,401(k)
3901396283,1,401(k)
3901395824,1,401(k)
3901394992,1,401(k)
3901392965,1,401(k)
3901392966,1,401(k)
3901399048,1,401(k)
3901397248,1,401(k)
3901392971,1,401(k)
3901397255,1,401(k)
3901397254,1,401(k)
3901392969,1,401(k)
3901391973,1,401(k)
3901932084,0,Medical insurance
3901932084,0,Vision insurance
3901932084,0,Dental insurance
3901932084,0,401(k)
3901932084,0,Child care support
3901932084,0,Paid maternity leave
3901932084,0,Paid paternity leave
3901932084,0,Student loan assistance
3901932084,0,Tuition assistance
3901932084,0,Disability insurance
3901929240,0,Medical insurance
3901929240,0,Vision insurance
3901929240,0,Dental insurance
3901929240,0,401(k)
3905245450,1,401(k)
3905245450,1,Medical insurance
3901935937,1,401(k)
3901935937,1,Pension plan
3905247366,1,Medical insurance
3905247366,1,Dental insurance
3905247366,1,401(k)
3905247366,1,Disability insurance
3901935961,1,Dental insurance
3901935961,1,Medical insurance
3901935961,1,Vision insurance
3905252089,1,401(k)
3905250175,1,401(k)
3905250175,1,Medical insurance
3905250181,1,401(k)
3905250181,1,Dental insurance
3901930981,0,Medical insurance
3901930981,0,Vision insurance
3901930981,0,Dental insurance
3901930981,0,Pension plan
3901930981,0,Paid maternity leave
3903491148,1,Commuter benefits
3903491148,1,Disability insurance
3903491148,1,401(k)
3905244385,0,Medical insurance
3905244385,0,Vision insurance
3905244385,0,Dental insurance
3905244385,0,401(k)
3905244385,0,Tuition assistance
3903805131,1,401(k)
3903805131,1,Disability insurance
3903802462,0,Medical insurance
3903802462,0,Vision insurance
3903802462,0,Dental insurance
3903802462,0,401(k)
3903802462,0,Disability insurance
3905250471,1,Medical insurance
3905250471,1,Pension plan
3905250471,1,Disability insurance
3905248548,1,Medical insurance
3905248548,1,Disability insurance
3905248548,1,Pension plan
3905255158,1,401(k)
3905255158,1,Dental insurance
3901940255,0,Medical insurance
3901940255,0,Dental insurance
3901940255,0,401(k)
3905249761,1,Dental insurance
3905249761,1,Pension plan
3905249761,1,Disability insurance
3901941135,0,Medical insurance
3901941135,0,Vision insurance
3901941135,0,Dental insurance
3905253310,1,Dental insurance
3905253310,1,Pension plan
3905253310,1,Disability insurance
3903802538,1,401(k)
3901942134,1,401(k)
3901942134,1,Disability insurance
3901940256,0,Medical insurance
3901940256,0,Vision insurance
3901940256,0,Dental insurance
3901941294,0,Medical insurance
3901941294,0,401(k)
3901941294,0,Vision insurance
3901941294,0,Dental insurance
3901943345,0,Medical insurance
3901943345,0,Vision insurance
3901943345,0,Dental insurance
3901943345,0,401(k)
3901943345,0,Disability insurance
3901943345,0,Tuition assistance
3901939432,0,Medical insurance
3901939432,0,Vision insurance
3901939432,0,Dental insurance
3901939432,0,401(k)
3901939432,0,Student loan assistance
3901939432,0,Disability insurance
3901941389,1,Dental insurance
3905255677,1,401(k)
3905247966,0,401(k)
3905247966,0,Dental insurance
3905247966,0,Medical insurance
3905247966,0,Vision insurance
3903808161,1,401(k)
3905253784,1,401(k)
3901936726,1,Disability insurance
3901936726,1,401(k)
3901936726,1,Pension plan
3903805831,0,Medical insurance
3903805831,0,Vision insurance
3903805831,0,Dental insurance
3903805831,0,401(k)
3905252862,0,Tuition assistance
3905252862,0,Medical insurance
3905252862,0,Dental insurance
3905252862,0,401(k)
3905252862,0,Vision insurance
3905252862,0,Disability insurance
3901942352,0,401(k)
3901942352,0,Dental insurance
3901942352,0,Medical insurance
3901942352,0,Vision insurance
3901942352,1,Commuter benefits
3905258273,0,Medical insurance
3905258273,0,Vision insurance
3905258273,0,Dental insurance
3905258273,0,401(k)
3901936778,1,Disability insurance
3901936778,1,401(k)
3903805862,0,Medical insurance
3903805862,0,Vision insurance
3903805862,0,Dental insurance
3903805862,0,401(k)
3903805862,1,Commuter benefits
3903806763,0,Medical insurance
3903806763,0,Vision insurance
3903806763,0,Dental insurance
3903806763,0,401(k)
3903808497,0,Medical insurance
3903808497,0,Vision insurance
3903808497,0,Dental insurance
3903808497,0,401(k)
3903810257,0,Medical insurance
3903810257,0,Vision insurance
3903810257,0,Dental insurance
3903810257,0,401(k)
3901940542,1,401(k)
3905258416,1,401(k)
3903809464,0,Medical insurance
3903809464,0,Vision insurance
3903809464,0,Dental insurance
3903809464,0,401(k)
3901938624,1,Disability insurance
3901938624,1,401(k)
3905252861,0,Medical insurance
3905252861,0,Vision insurance
3905252861,0,Dental insurance
3905252861,0,Disability insurance
3905252861,0,401(k)
3905252861,0,Child care support
3905252861,0,Commuter benefits
3901939438,1,401(k)
3901939438,1,Disability insurance
3901939556,1,401(k)
3903806853,0,Medical insurance
3903806853,0,Vision insurance
3903806853,0,Dental insurance
3903806853,0,401(k)
3901941495,1,Disability insurance
3901941495,1,401(k)
3903811132,1,Medical insurance
3901943463,0,Medical insurance
3901943463,0,401(k)
3901943463,0,Dental insurance
3905259695,0,Medical insurance
3905259695,0,Vision insurance
3905259695,0,Dental insurance
3905259695,0,401(k)
3905267892,1,401(k)
3905267892,1,Disability insurance
3905256513,1,Medical insurance
3905256513,1,401(k)
3905259275,1,Medical insurance
3905259275,1,401(k)
3905283011,1,Dental insurance
3905268291,1,401(k)
3905268291,1,Disability insurance
3905283668,0,Medical insurance
3905283668,0,Vision insurance
3905283668,0,Dental insurance
3905283668,0,401(k)
3905283728,1,401(k)
3901938725,1,401(k)
3901938725,1,Disability insurance
3905283691,1,Medical insurance
3905283691,1,Vision insurance
3905283691,1,Dental insurance
3905283691,1,401(k)
3905283691,1,Tuition assistance
3905283691,1,Disability insurance
3905291001,1,Medical insurance
3905291001,1,Vision insurance
3905291001,1,Dental insurance
3905291001,1,401(k)
3905291001,1,Tuition assistance
3905291001,1,Disability insurance
3905287294,1,Medical insurance
3905287294,1,Vision insurance
3905287294,1,Dental insurance
3905287294,1,401(k)
3905287294,1,Tuition assistance
3905287294,1,Disability insurance
3905285589,1,Medical insurance
3905285589,1,Vision insurance
3905285589,1,Dental insurance
3905285589,1,401(k)
3905285589,1,Tuition assistance
3905285589,1,Disability insurance
3903809853,1,Medical insurance
3903810647,1,Medical insurance
3903814283,1,Medical insurance
3903815181,1,Medical insurance
3903809840,1,Medical insurance
3903813356,1,Medical insurance
3903813346,1,Medical insurance
3903814284,1,Medical insurance
3903811484,1,Medical insurance
3903813345,1,Medical insurance
3903811470,1,Medical insurance
3903814271,1,Medical insurance
3903809847,1,Medical insurance
3901938794,1,Vision insurance
3901940768,1,401(k)
3901940768,1,Vision insurance
3901941701,1,401(k)
3901941701,1,Vision insurance
3901940747,1,401(k)
3901940747,1,Vision insurance
3901943650,1,401(k)
3901943650,1,Vision insurance
3901940750,1,401(k)
3901940750,1,Vision insurance
3901943664,1,401(k)
3901943664,1,Vision insurance
3901942595,1,Vision insurance
3901938793,1,401(k)
3901938793,1,Vision insurance
3905287251,1,Tuition assistance
3905287295,1,Tuition assistance
3905283655,1,Tuition assistance
3905287123,1,Tuition assistance
3905283665,1,401(k)
3905285643,1,Vision insurance
3905285643,1,401(k)
3905285643,1,Disability insurance
3901945073,1,Vision insurance
3901945073,1,Disability insurance
3901945073,1,401(k)
3905283729,1,Vision insurance
3905283729,1,401(k)
3905283729,1,Disability insurance
3905283737,1,401(k)
3901936521,1,Medical insurance
3901936521,1,Disability insurance
3905286503,0,Medical insurance
3905286503,0,Vision insurance
3905286503,0,Dental insurance
3905286503,0,401(k)
3905284691,1,Medical insurance
3905284691,1,Vision insurance
3905284691,1,Disability insurance
3901944205,1,401(k)
3901943860,1,401(k)
3901946004,1,401(k)
3905286881,1,Commuter benefits
3905286881,1,401(k)
3905293120,1,Commuter benefits
3905293120,1,401(k)
3901947070,1,Vision insurance
3901947070,1,Paid maternity leave
3901945276,1,Vision insurance
3901945276,1,Paid maternity leave
3901942994,0,Medical insurance
3901942994,0,Vision insurance
3901942994,0,Dental insurance
3901942994,0,401(k)
3901942994,0,Disability insurance
3901942994,0,Paid paternity leave
3901942994,0,Paid maternity leave
3905292617,1,Medical insurance
3905292617,1,Vision insurance
3905292617,1,Dental insurance
3905292617,1,401(k)
3905291956,1,Medical insurance
3905291956,1,Vision insurance
3905291956,1,Dental insurance
3905291956,1,401(k)
3901949152,1,401(k)
3901949152,1,Medical insurance
3901949152,1,Dental insurance
3901949152,1,Vision insurance
3903821380,1,401(k)
3905299191,1,401(k)
3905299206,1,Medical insurance
3905299206,1,Pension plan
3905297357,1,Medical insurance
3905297357,1,Pension plan
3905300169,1,Disability insurance
3905300169,1,401(k)
3905298254,1,Medical insurance
3905298254,1,Pension plan
3905296698,0,Medical insurance
3905296698,0,Vision insurance
3905296698,0,Dental insurance
3905300191,1,Medical insurance
3905300191,1,Pension plan
3905296430,1,Medical insurance
3905296430,1,Pension plan
3905294723,1,Medical insurance
3905294723,1,Pension plan
3905297451,1,401(k)
3905297451,1,Disability insurance
3905300257,1,Vision insurance
3905300257,1,401(k)
3905299316,1,401(k)
3905296526,1,401(k)
3905300274,1,Vision insurance
3905300274,1,401(k)
3905297438,1,401(k)
3905297438,1,Disability insurance
3905295469,1,Disability insurance
3905295469,1,401(k)
3905300239,1,401(k)
3905300239,1,Disability insurance
3905300238,1,401(k)
3905295546,1,401(k)
3905295546,1,Disability insurance
3905293786,1,401(k)
3905293786,1,Disability insurance
3905296524,1,401(k)
3905298355,1,401(k)
3905292891,1,401(k)
3905295536,1,401(k)
3905295536,1,Disability insurance
3905293782,1,401(k)
3905293782,1,Disability insurance
3905295539,1,401(k)
3905295539,1,Disability insurance
3903824637,1,401(k)
3905297442,1,401(k)
3905297442,1,Disability insurance
3905292893,1,401(k)
3905300242,1,401(k)
3905300242,1,Disability insurance
3905297439,1,401(k)
3905299310,1,401(k)
3905294802,1,401(k)
3905294802,1,Disability insurance
3905294745,1,Medical insurance
3905294745,1,Pension plan
3905292895,1,401(k)
3905296525,1,401(k)
3905296525,1,Disability insurance
3905296523,1,401(k)
3905299299,1,401(k)
3905299299,1,Medical insurance
3905297476,1,Vision insurance
3905298347,1,401(k)
3901947507,1,401(k)
3905304049,0,Medical insurance
3905304049,0,Vision insurance
3905304049,0,Dental insurance
3905304049,0,401(k)
3901951378,1,401(k)
3905303197,0,Medical insurance
3905303197,0,Vision insurance
3905303197,0,Dental insurance
3905303197,0,401(k)
3905300374,1,401(k)
3905296521,1,401(k)
3905296521,1,Disability insurance
3905300344,1,Disability insurance
3905300344,1,401(k)
3905293892,1,Disability insurance
3905293892,1,401(k)
3905302036,1,Vision insurance
3905302036,1,401(k)
3905302036,1,Disability insurance
3903824400,1,401(k)
3905296770,1,Vision insurance
3905296770,1,401(k)
3905296770,1,Disability insurance
3905298612,1,Vision insurance
3905298612,1,401(k)
3905298612,1,Disability insurance
3905297711,1,Vision insurance
3905297711,1,401(k)
3905297711,1,Disability insurance
3905302057,1,Vision insurance
3905302057,1,401(k)
3905302057,1,Disability insurance
3815284050,0,Medical insurance
3815284050,0,Vision insurance
3815284050,0,Dental insurance
3815284050,0,401(k)
3905295779,1,Vision insurance
3905295779,1,401(k)
3905295779,1,Disability insurance
3905301151,1,Vision insurance
3905301151,1,401(k)
3905301151,1,Disability insurance
3905303055,1,Vision insurance
3905303055,1,401(k)
3905303055,1,Disability insurance
3905301174,1,Vision insurance
3905301174,1,401(k)
3905301174,1,Disability insurance
3905299597,1,Vision insurance
3905299597,1,401(k)
3905299597,1,Disability insurance
3905299601,1,401(k)
3905298570,1,Vision insurance
3905298570,1,401(k)
3905298570,1,Disability insurance
3905299595,1,Vision insurance
3905299595,1,401(k)
3905299595,1,Disability insurance
3905302062,1,401(k)
3905296787,1,401(k)
3905302052,1,401(k)
3905295780,1,401(k)
3905299622,1,401(k)
3905300516,1,401(k)
3905301181,1,401(k)
3905297688,1,Vision insurance
3905297688,1,401(k)
3905297688,1,Disability insurance
3905302346,1,401(k)
3905303080,1,401(k)
3905302058,1,Vision insurance
3905302058,1,401(k)
3905302058,1,Disability insurance
3905295804,1,Vision insurance
3905295804,1,401(k)
3905295804,1,Disability insurance
3901949714,1,Vision insurance
3901949714,1,401(k)
3905302345,1,401(k)
3905301150,1,Vision insurance
3905301150,1,401(k)
3905301150,1,Disability insurance
3905299565,1,Vision insurance
3905299565,1,401(k)
3905299565,1,Disability insurance
3905298637,1,401(k)
3905299860,1,401(k)
3903827585,1,401(k)
3903825643,1,Disability insurance
3903831324,1,401(k)
3901952586,1,Vision insurance
3901952586,1,Pension plan
3905301445,1,401(k)
3905304646,1,Medical insurance
3901954422,1,401(k)
3905309293,1,Medical insurance
3905309293,1,401(k)
3905309293,1,Vision insurance
3905307434,1,Medical insurance
3905307434,1,401(k)
3905307434,1,Vision insurance
3905302820,1,Dental insurance
3905302820,1,Disability insurance
3901961003,1,401(k)
3901956798,1,401(k)
3903831844,1,Disability insurance
3903831844,1,401(k)
3901960054,1,401(k)
3903832746,1,Vision insurance
3903832746,1,Dental insurance
3903832746,1,401(k)
3903837070,1,401(k)
3903837070,1,Medical insurance
3903836185,1,401(k)
3905325959,0,Medical insurance
3905325959,0,Vision insurance
3905325959,0,Dental insurance
3905325959,0,401(k)
3905325959,0,Paid maternity leave
3905325959,0,Paid paternity leave
3905325959,0,Commuter benefits
3905325959,0,Disability insurance
3905327729,0,Medical insurance
3905327729,0,Vision insurance
3905327729,0,Dental insurance
3905327729,0,401(k)
3905327729,0,Paid maternity leave
3905327729,0,Paid paternity leave
3905327729,0,Commuter benefits
3905327729,0,Disability insurance
3905330109,1,Disability insurance
3905330109,1,Tuition assistance
3905334113,0,Medical insurance
3905334113,0,Vision insurance
3905334113,0,Dental insurance
3905334113,0,401(k)
3905311836,1,Medical insurance
3905311836,1,Disability insurance
3905311836,1,401(k)
3905315450,1,Medical insurance
3905315450,1,Disability insurance
3905315450,1,401(k)
3905313543,1,Medical insurance
3905313543,1,Disability insurance
3905313543,1,401(k)
3905315020,1,Medical insurance
3905315020,1,Disability insurance
3905315020,1,401(k)
3905311783,1,Medical insurance
3905311783,1,Disability insurance
3905311783,1,401(k)
3905313958,1,Medical insurance
3905313958,1,Disability insurance
3905313958,1,401(k)
3881986862,1,401(k)
3881986862,1,Medical insurance
3905333065,1,Vision insurance
3905333065,1,401(k)
3901965400,0,Medical insurance
3901965400,0,Vision insurance
3901965400,0,Dental insurance
3901965400,0,401(k)
3901967421,0,Medical insurance
3901967421,0,Vision insurance
3901967421,0,Dental insurance
3901967421,0,401(k)
3901967421,0,Tuition assistance
3903846194,1,Vision insurance
3903846194,1,401(k)
3903844788,0,Medical insurance
3903844788,0,Vision insurance
3903844788,0,Dental insurance
3903844788,0,401(k)
3903844788,0,Paid maternity leave
3903844788,0,Paid paternity leave
3903845294,1,Vision insurance
3903845294,1,401(k)
3905334853,1,401(k)
3905334853,1,Vision insurance
3905335810,1,401(k)
3905335810,1,Vision insurance
3905333925,1,401(k)
3903847544,0,Medical insurance
3903847544,0,Vision insurance
3903847544,0,Dental insurance
3903847544,0,401(k)
3903847544,0,Paid maternity leave
3903847544,0,Paid paternity leave
3901981094,0,Medical insurance
3901981094,0,Dental insurance
3901981094,0,401(k)
3901982057,0,Medical insurance
3901982057,0,Vision insurance
3901982057,0,Dental insurance
3901982057,0,401(k)
3901976419,0,Medical insurance
3901976419,0,Vision insurance
3901976419,0,Dental insurance
3901976419,0,401(k)
3901976419,0,Disability insurance
3901955949,0,Medical insurance
3901955949,0,Vision insurance
3901955949,0,Dental insurance
3901955949,0,401(k)
3901955949,1,Commuter benefits
3901979218,0,Medical insurance
3901979218,0,Dental insurance
3901979218,0,401(k)
3903849326,1,401(k)
3903846756,1,401(k)
3903846755,1,401(k)
3901982156,0,Medical insurance
3901982156,0,Vision insurance
3901982156,0,Dental insurance
3901978375,0,Medical insurance
3901978375,0,401(k)
3901978375,0,Dental insurance
3901981173,0,Medical insurance
3901981173,0,Vision insurance
3901981173,0,Dental insurance
3901981173,0,401(k)
3901981173,0,Disability insurance
3901977399,0,Medical insurance
3901977399,0,Vision insurance
3901977399,0,Dental insurance
3901977399,0,Pension plan
3901977399,0,Student loan assistance
3901977399,0,Tuition assistance
3905346585,1,401(k)
3905350116,0,Medical insurance
3905350116,0,401(k)
3901979547,0,Medical insurance
3901979547,0,Vision insurance
3901979547,0,Dental insurance
3901979547,0,401(k)
3901979547,0,Paid maternity leave
3901979547,0,Commuter benefits
3905347357,1,401(k)
3901978621,1,401(k)
3901983251,1,401(k)
3901979551,1,401(k)
3901983250,1,401(k)
3901983249,1,401(k)
3901978619,1,401(k)
3901978617,1,401(k)
3901983252,1,401(k)
3901979549,1,401(k)
3901982473,1,401(k)
3901977642,1,401(k)
3901979552,1,401(k)
3901983253,1,401(k)
3901982474,1,401(k)
3901980462,1,401(k)
3901977643,1,401(k)
3901982472,1,401(k)
3903864827,0,Medical insurance
3903864827,0,Vision insurance
3903864827,0,Dental insurance
3903864827,0,401(k)
3905350484,1,Dental insurance
3905350484,1,Vision insurance
3903868738,1,401(k)
3903871484,1,401(k)
3905353441,1,401(k)
3905353441,1,Disability insurance
3901976863,1,401(k)
3901982622,1,401(k)
3901980599,1,401(k)
3901982681,1,401(k)
3903870846,1,Medical insurance
3903870846,1,Disability insurance
3903870846,1,Vision insurance
3905371092,1,401(k)
3903871984,1,401(k)
3903871984,1,Commuter benefits
3905365487,1,Medical insurance
3905365487,1,Vision insurance
3905365487,1,Disability insurance
3905364652,1,401(k)
3901984359,1,Dental insurance
3905368581,1,Vision insurance
3905369565,1,Vision insurance
3905369201,1,Medical insurance
3905369201,1,Vision insurance
3905369201,1,Disability insurance
3901990099,1,Dental insurance
3905372197,1,Vision insurance
3901989130,1,Dental insurance
3905366805,1,Vision insurance
3901989440,1,401(k)
3905371537,1,Medical insurance
3905371537,1,Vision insurance
3905371537,1,Dental insurance
3905371537,1,401(k)
3903876726,1,401(k)
3903876726,1,Pension plan
3905372329,1,401(k)
3905367977,1,401(k)
3905367977,1,Disability insurance
3905371668,1,401(k)
3905371668,1,Disability insurance
3905369762,1,401(k)
3905369762,1,Disability insurance
3903874853,1,401(k)
3903874853,1,Tuition assistance
3905375012,1,401(k)
3905375012,1,Disability insurance
3905371615,1,Disability insurance
3905371615,1,401(k)
3905368773,1,401(k)
3905368773,1,Disability insurance
3905371835,1,Vision insurance
3905371835,1,401(k)
3905371835,1,Disability insurance
3905372560,1,Vision insurance
3905372560,1,401(k)
3905372560,1,Disability insurance
3903877601,1,401(k)
3903877601,1,Vision insurance
3901983893,1,Dental insurance
3901986300,1,401(k)
3901986300,1,Disability insurance
3905370972,1,401(k)
3905370972,1,Vision insurance
3905372377,1,401(k)
3905373388,1,401(k)
3905373388,1,Disability insurance
3905373388,1,Vision insurance
3905368659,1,401(k)
3905368659,1,Medical insurance
3905370869,1,401(k)
3905370869,1,Disability insurance
3905370869,1,Vision insurance
3905375140,1,Vision insurance
3905375140,1,401(k)
3905375140,1,Disability insurance
3905377050,1,Medical insurance
3905377050,1,Pension plan
3901988522,0,Medical insurance
3901988522,0,Vision insurance
3901988522,0,Dental insurance
3901988522,0,401(k)
3905369947,1,Vision insurance
3905369947,1,401(k)
3905369947,1,Disability insurance
3905368795,1,401(k)
3905368795,1,Medical insurance
3905371834,1,Vision insurance
3905371834,1,401(k)
3905371834,1,Disability insurance
3903886274,1,Disability insurance
3903886274,1,401(k)
3905373387,1,Vision insurance
3905373387,1,401(k)
3905373387,1,Disability insurance
3905368924,1,Vision insurance
3905368924,1,401(k)
3905368923,1,Vision insurance
3905368923,1,401(k)
3901997161,1,401(k)
3905374052,1,401(k)
3905374052,1,Disability insurance
3905377475,1,Vision insurance
3905375670,1,401(k)
3905373901,1,Disability insurance
3905373901,1,401(k)
3901988957,0,Medical insurance
3901988957,0,Vision insurance
3901988957,0,Dental insurance
3901988957,0,401(k)
3905379461,1,Disability insurance
3905379461,1,401(k)
3905377476,1,Disability insurance
3905377476,1,401(k)
3901992925,1,Medical insurance
3901992925,1,401(k)
3905380432,1,Disability insurance
3905380432,1,401(k)
3903885282,1,Disability insurance
3903885282,1,401(k)
3905379460,1,Disability insurance
3905379460,1,401(k)
3903885274,1,Disability insurance
3903885274,1,401(k)
3905381056,1,Disability insurance
3905381056,1,401(k)
3905375669,1,Disability insurance
3905375669,1,401(k)
3905394262,1,Vision insurance
3901991750,1,401(k)
3905378522,1,Disability insurance
3905378522,1,401(k)
3905375355,1,Disability insurance
3905390400,1,Medical insurance
3905390400,1,Disability insurance
3905390400,1,401(k)
3905373826,1,Medical insurance
3905373826,1,Disability insurance
3905373826,1,401(k)
3905383122,1,401(k)
3901997628,1,Vision insurance
3901997628,1,Commuter benefits
3901997628,1,401(k)
3901996683,1,Vision insurance
3901996683,1,Commuter benefits
3901996683,1,401(k)
3903884646,1,401(k)
3905390556,1,Medical insurance
3905390556,1,Disability insurance
3905390556,1,401(k)
3901995710,1,Vision insurance
3901995710,1,Commuter benefits
3901995710,1,401(k)
3901998630,1,401(k)
3901998630,1,Pension plan
3901998630,1,Disability insurance
3901992897,1,Vision insurance
3901992897,1,Commuter benefits
3901992897,1,401(k)
3903884470,1,Disability insurance
3903884470,1,401(k)
3905380423,1,Disability insurance
3905380423,1,401(k)
3905391006,1,Medical insurance
3905391006,1,Disability insurance
3905391006,1,401(k)
3901992459,1,401(k)
3901992459,1,Vision insurance
3905380397,1,Disability insurance
3905380397,1,401(k)
3905393229,1,Medical insurance
3905393229,1,Disability insurance
3905393229,1,401(k)
3905389892,1,401(k)
3901997626,1,Vision insurance
3901997626,1,Commuter benefits
3901997626,1,401(k)
3905393375,0,Medical insurance
3905393375,0,Vision insurance
3905393375,0,Dental insurance
3905393375,0,401(k)
3905393375,0,Paid maternity leave
3905393375,0,Paid paternity leave
3905378473,1,Disability insurance
3905378473,1,401(k)
3904003436,1,Vision insurance
3904003436,1,Disability insurance
3904001496,1,Vision insurance
3904001496,1,Disability insurance
3905396582,1,401(k)
3905396582,1,Vision insurance
3905397576,1,401(k)
3902307222,1,401(k)
3902301629,1,401(k)
3902306984,1,Disability insurance
3902306984,1,401(k)
3902306984,1,Medical insurance
3905621349,1,401(k)
3905619637,1,401(k)
3905618741,1,401(k)
3905627254,1,Medical insurance
3905627254,1,401(k)
3905634448,1,401(k)
3905648073,1,401(k)
3904052812,1,401(k)
3904052812,1,Medical insurance
3905645947,1,Commuter benefits
3905654853,1,401(k)
3905656921,1,401(k)
3905658745,1,401(k)
3905658748,1,Vision insurance
3905658748,1,401(k)
3905658772,1,401(k)
3905658772,1,Medical insurance
3905659627,1,Medical insurance
3905659627,1,401(k)
3905658733,1,Vision insurance
3905658775,1,Vision insurance
3905665030,1,401(k)
3905665030,1,Disability insurance
3905663070,1,401(k)
3905661421,1,Medical insurance
3905661421,1,401(k)
3905659630,1,Medical insurance
3905657880,1,Medical insurance
3905657880,1,401(k)
3905658759,1,Medical insurance
3905658753,1,Medical insurance
3905658749,1,Medical insurance
3905658749,1,401(k)
3905658747,1,Medical insurance
3905663074,1,Medical insurance
3904058366,1,Medical insurance
3904058366,1,401(k)
3905657873,1,Medical insurance
3905665026,1,Medical insurance
3905658744,1,Medical insurance
3905658756,1,401(k)
3905663089,1,Medical insurance
3905658738,1,Medical insurance
3905658738,1,401(k)
3905664085,1,Disability insurance
3905664085,1,401(k)
3888284689,1,401(k)
3888284689,1,Medical insurance
3905663662,0,Medical insurance
3905663662,0,Vision insurance
3905663662,0,Dental insurance
3905663662,0,401(k)
3905663662,0,Disability insurance
3905668214,1,Vision insurance
3905668214,1,401(k)
3902325934,1,401(k)
3902325934,1,Vision insurance
3905689006,1,Medical insurance
3905689006,1,Disability insurance
3905689006,1,401(k)
3904079272,1,Vision insurance
3904079272,1,Disability insurance
3905695607,1,401(k)
3905695607,1,Vision insurance
3905826039,0,401(k)
3905826039,0,Medical insurance
3905820828,0,Tuition assistance
3905820828,0,Medical insurance
3905820828,0,Dental insurance
3905820828,0,401(k)
3905820828,0,Vision insurance
3905820828,0,Disability insurance
3905824247,0,Medical insurance
3905824247,0,Vision insurance
3905824247,0,Dental insurance
3905824247,0,401(k)
3905824247,0,Disability insurance
3905821760,1,401(k)
3905830793,1,Vision insurance
3905832628,0,Medical insurance
3905832628,0,Vision insurance
3905832628,0,Dental insurance
3905832628,0,401(k)
3905832628,0,Paid paternity leave
3905832628,0,Paid maternity leave
3905832628,0,Student loan assistance
3905832628,0,Tuition assistance
3905840265,0,Medical insurance
3905840265,0,Vision insurance
3905840265,0,Dental insurance
3905840265,0,401(k)
3905840265,0,Disability insurance
3905839938,1,401(k)
3902350487,1,Disability insurance
3905846451,1,Medical insurance
3905846451,1,Dental insurance
3905846451,1,401(k)
3904094653,0,Medical insurance
3904094653,0,Vision insurance
3904094653,0,Dental insurance
3904094653,0,401(k)
3904094653,0,Paid paternity leave
3904094653,0,Paid maternity leave
3904094653,0,Commuter benefits
3904094653,0,Disability insurance
3904098557,1,401(k)
3905847456,1,Dental insurance
3905847456,1,Medical insurance
3905846558,1,401(k)
3905844790,1,401(k)
3905844728,1,Medical insurance
3905844728,1,Dental insurance
3905844728,1,401(k)
3905849375,1,Medical insurance
3905849375,1,Dental insurance
3905849375,1,401(k)
3583960568,0,Medical insurance
3583960568,0,401(k)
3902355512,0,Medical insurance
3902355512,0,Vision insurance
3902355512,0,Dental insurance
3902355512,0,401(k)
3902355512,0,Paid maternity leave
3902355512,0,Paid paternity leave
3902355512,0,Tuition assistance
3902355512,0,Disability insurance
3902355525,0,Medical insurance
3902355525,0,Vision insurance
3902355525,0,Dental insurance
3902355525,0,401(k)
3902355525,0,Paid maternity leave
3902355525,0,Paid paternity leave
3902355525,0,Tuition assistance
3902355525,0,Disability insurance
3902351792,1,Vision insurance
3902351792,1,Medical insurance
3905859144,0,Medical insurance
3905859144,0,Vision insurance
3905859144,0,Dental insurance
3905859144,0,401(k)
3905859144,0,Tuition assistance
3905859144,0,Disability insurance
3905855338,1,Medical insurance
3905855338,1,Vision insurance
3905855338,1,Dental insurance
3905855338,1,401(k)
3905855338,1,Tuition assistance
3905855338,1,Disability insurance
3904506023,0,Medical insurance
3904506023,0,Vision insurance
3904506023,0,Dental insurance
3904506023,0,401(k)
3904506023,0,Paid maternity leave
3904506023,0,Paid paternity leave
3904506023,0,Tuition assistance
3904506023,0,Disability insurance
3902349819,0,401(k)
3902352610,1,Medical insurance
3902352610,1,401(k)
3904506031,1,401(k)
3904099664,1,Medical insurance
3904099667,1,Medical insurance
3904500694,1,Medical insurance
3904501767,0,401(k)
3904501767,0,Medical insurance
3904501767,0,Vision insurance
3904501767,0,Dental insurance
3904500689,1,Medical insurance
3904502001,1,Medical insurance
3904502009,1,Medical insurance
3904500867,1,401(k)
3905854935,1,401(k)
3905855950,1,Medical insurance
3905855950,1,Dental insurance
3905855950,1,401(k)
3902354944,1,Medical insurance
3904503188,1,401(k)
3905860881,1,401(k)
3905862563,0,Medical insurance
3905862563,0,Vision insurance
3905862563,0,Dental insurance
3905862563,0,401(k)
3905860839,0,Medical insurance
3905860839,0,Dental insurance
3905860839,0,401(k)
3905860839,0,Commuter benefits
3905860839,0,Disability insurance
3905868100,0,Medical insurance
3905868100,0,Vision insurance
3905868100,0,Dental insurance
3905868100,0,401(k)
3905868100,0,Paid paternity leave
3905868100,0,Paid maternity leave
3905868100,0,Commuter benefits
3905868100,0,Tuition assistance
3905868100,0,Disability insurance
3905863541,0,Medical insurance
3905863541,0,Vision insurance
3905863541,0,Dental insurance
3905863541,0,401(k)
3905863682,1,Medical insurance
3905863682,1,Dental insurance
3905863682,1,401(k)
3902362110,1,401(k)
3902362110,1,Medical insurance
3904502437,1,401(k)
3905867387,0,Medical insurance
3905867387,0,Vision insurance
3905867387,0,Dental insurance
3905867387,0,401(k)
3904505335,1,401(k)
3905870483,0,Paid paternity leave
3905863971,0,Medical insurance
3905863971,0,Vision insurance
3905863971,0,Dental insurance
3905863971,0,401(k)
3905863971,0,Disability insurance
3904505754,1,401(k)
3905870527,1,401(k)
3905866819,1,401(k)
3905866819,1,Medical insurance
3904508671,1,401(k)
3904508671,1,Tuition assistance
3905869975,1,401(k)
3905869975,1,Medical insurance
3905873397,1,401(k)
3904513004,1,401(k)
3902361900,1,Vision insurance
3902361900,1,Commuter benefits
3902361900,1,401(k)
3902368101,1,Medical insurance
3902365325,1,Medical insurance
3905876315,1,Disability insurance
3905876315,1,401(k)
3902364407,1,Medical insurance
3904509977,1,Disability insurance
3902368538,1,401(k)
3905878409,1,Vision insurance
3905878409,1,401(k)
3905878409,1,Disability insurance
3905874767,1,Vision insurance
3905874767,1,401(k)
3905874767,1,Disability insurance
3905878391,1,Vision insurance
3905878391,1,401(k)
3905878391,1,Disability insurance
3905877517,1,Vision insurance
3905877517,1,401(k)
3905877517,1,Disability insurance
3905881017,1,Vision insurance
3905881017,1,401(k)
3905881017,1,Disability insurance
3904508757,1,401(k)
3904513008,1,401(k)
3902366660,0,Medical insurance
3902366660,0,Vision insurance
3902366660,0,Dental insurance
3902370345,0,Medical insurance
3902370345,0,Vision insurance
3902370345,0,Dental insurance
3904511028,1,401(k)
3905877482,1,401(k)
3905879576,1,401(k)
3905879576,1,Disability insurance
3905880721,1,401(k)
3905879969,1,401(k)
3905886220,1,401(k)
3905887127,1,401(k)
3902394529,0,Medical insurance
3902394529,0,Vision insurance
3902394529,0,Dental insurance
3902394529,0,Pension plan
3902394529,0,Paid maternity leave
3902394529,0,Paid paternity leave
3902394529,0,Tuition assistance
3904565981,1,Medical insurance
3902397070,1,Vision insurance
229924287,0,Medical insurance
229924287,0,Dental insurance
229924287,0,Vision insurance
3902811138,1,401(k)
3906077523,1,Dental insurance
3906082929,1,Dental insurance
3904575062,1,401(k)
3904575062,1,Disability insurance
3902809349,1,401(k)
3902808409,1,401(k)
3902806481,1,401(k)
3906094438,0,Medical insurance
3906094438,0,Dental insurance
3906094438,0,Vision insurance
3906094438,0,401(k)
3906094438,0,Tuition assistance
3906079497,0,Medical insurance
3906079497,0,Vision insurance
3906079497,0,Dental insurance
3906079497,0,401(k)
3906079497,0,Tuition assistance
3902832090,0,Medical insurance
3902832090,0,Vision insurance
3902832090,0,Dental insurance
3902832090,0,401(k)
3902807457,1,401(k)
3902813743,0,Medical insurance
3902813743,0,Vision insurance
3902813743,0,Dental insurance
3902813743,0,401(k)
3904579222,0,Medical insurance
3904579222,0,Vision insurance
3904579222,0,Dental insurance
3906090836,1,Medical insurance
3906090836,1,Commuter benefits
3906090836,1,401(k)
3902830543,0,Medical insurance
3902830543,0,Vision insurance
3902830543,0,Dental insurance
3902830543,0,401(k)
3906092707,0,Medical insurance
3906092707,0,Vision insurance
3906092707,0,Dental insurance
3906096209,1,Medical insurance
3902809366,1,401(k)
3904577525,1,401(k)
3906095389,0,Medical insurance
3906095389,0,Vision insurance
3906095389,0,Dental insurance
3906095389,0,401(k)
3906095389,0,Paid maternity leave
3906097505,1,Tuition assistance
3904589103,1,401(k)
3902808385,1,401(k)
3906202115,1,401(k)
3906202115,1,Student loan assistance
3906094975,1,Tuition assistance
3904587468,0,Medical insurance
3904587468,0,Vision insurance
3904587468,0,Dental insurance
3904587468,0,401(k)
3904587468,0,Paid maternity leave
3904587468,0,Paid paternity leave
3904587468,0,Disability insurance
3906200100,1,401(k)
3904585227,1,401(k)
3902828886,0,Medical insurance
3902828886,0,Vision insurance
3902828886,0,Dental insurance
3902828886,0,401(k)
3902828886,0,Paid maternity leave
3902828886,0,Paid paternity leave
3902828886,0,Disability insurance
3906098009,0,Medical insurance
3906098009,0,Vision insurance
3906098009,0,Dental insurance
3906098009,0,401(k)
3906096381,1,401(k)
3902831804,1,401(k)
3902828964,1,Vision insurance
3902834659,0,Medical insurance
3902834659,0,Vision insurance
3902834659,0,Dental insurance
3902834659,0,401(k)
3906092686,0,Medical insurance
3906092686,0,Vision insurance
3906092686,0,Dental insurance
3904586256,0,Vision insurance
3904586256,0,Medical insurance
3904586256,0,Dental insurance
3904586256,0,401(k)
3904598983,1,Medical insurance
3904705558,1,Medical insurance
3904706077,1,401(k)
3904704611,1,401(k)
3904705620,1,401(k)
3906220869,1,401(k)
3906222683,1,401(k)
3904700823,1,Medical insurance
3906220870,1,401(k)
3906222684,1,401(k)
3906222737,1,Vision insurance
3906222737,1,401(k)
3906222737,1,Disability insurance
3906227214,1,Vision insurance
3906227214,1,401(k)
3906227214,1,Disability insurance
3906220972,1,Vision insurance
3906220972,1,401(k)
3906220972,1,Disability insurance
3906227083,1,Disability insurance
3906227083,1,401(k)
3906225288,1,Vision insurance
3906225288,1,401(k)
3906225288,1,Disability insurance
3902845058,1,401(k)
3902845058,1,Disability insurance
3906227360,1,401(k)
3906230042,1,401(k)
3902842914,1,Medical insurance
3902845259,1,Medical insurance
3902845259,1,Vision insurance
3902845259,1,Paid maternity leave
3904707427,1,Medical insurance
3902845819,0,Medical insurance
3902845819,0,Vision insurance
3902845819,0,Dental insurance
3902845819,0,401(k)
3902845819,0,Tuition assistance
3902845819,0,Disability insurance
3904707446,1,Tuition assistance
3906231142,1,Medical insurance
3906231372,1,401(k)
3902863215,1,401(k)
3902861372,1,401(k)
3902861372,1,Vision insurance
3902865203,1,401(k)
3902865203,1,Vision insurance
3902861369,1,401(k)
3902861369,1,Vision insurance
3904711852,1,Disability insurance
3904711852,1,401(k)
3904710625,1,Disability insurance
3904710625,1,401(k)
3904714492,1,401(k)
3904714461,1,Pension plan
3904714461,1,Tuition assistance
3904719029,1,401(k)
3904718075,1,Pension plan
3904718075,1,Tuition assistance
3904714462,1,Pension plan
3902860348,0,Medical insurance
3902860348,0,Vision insurance
3902860348,0,Dental insurance
3902860348,0,401(k)
3902860348,0,Paid maternity leave
3902860348,0,Paid paternity leave
3902860348,0,Student loan assistance
3902860348,0,Disability insurance
3906230959,1,401(k)
3906230959,1,Vision insurance
3906230959,1,Disability insurance
3906234669,1,Vision insurance
3906236421,1,Vision insurance
3906249420,1,Disability insurance
3906249420,1,Tuition assistance
3906249673,0,Medical insurance
3906249673,0,Vision insurance
3906249673,0,Dental insurance
3906249673,0,401(k)
3906248755,0,Medical insurance
3906248755,0,Vision insurance
3906248755,0,Dental insurance
3906248755,0,401(k)
3906251210,1,401(k)
3906251210,1,Disability insurance
3906246771,1,Medical insurance
3906247370,1,Disability insurance
3904717616,1,401(k)
3904717616,1,Disability insurance
3906246759,1,Disability insurance
3906249329,1,Medical insurance
3906249329,1,Disability insurance
3906249329,1,401(k)
3906237009,1,Medical insurance
3906237009,1,Disability insurance
3906237009,1,401(k)
3904724156,1,401(k)
3904723190,1,401(k)
3904722499,1,401(k)
3904722499,1,Disability insurance
3902866848,0,Medical insurance
3902866848,0,Vision insurance
3902866848,0,Dental insurance
3902866848,0,401(k)
3904725448,0,Medical insurance
3904725448,0,Vision insurance
3904725448,0,Dental insurance
3906258056,1,Vision insurance
3906258056,1,401(k)
3906258056,1,Commuter benefits
3902866876,0,Medical insurance
3902866876,0,Vision insurance
3902866876,0,Dental insurance
3902866876,0,401(k)
3906254910,1,401(k)
3906257495,1,401(k)
3906259461,1,401(k)
3906259461,1,Vision insurance
3902878300,1,Disability insurance
3906257401,1,Medical insurance
3902879422,0,Medical insurance
3902879422,0,Vision insurance
3902879422,0,Dental insurance
3902879422,0,401(k)
3906262691,0,Medical insurance
3906262691,0,Vision insurance
3906262691,0,Dental insurance
3906262691,0,401(k)
3906266272,0,Medical insurance
3906266272,0,Vision insurance
3906266272,0,Dental insurance
3906266272,0,401(k)
3906265348,0,Medical insurance
3906265348,0,Vision insurance
3906265348,0,Dental insurance
3906265348,0,401(k)
3906265414,0,Medical insurance
3906265414,0,Vision insurance
3906265414,0,Dental insurance
3906265414,0,401(k)
3906264345,0,Medical insurance
3906264345,0,Vision insurance
3906264345,0,Dental insurance
3906264345,0,401(k)
